,domain,phylum,class,order,family,genus,species,confidence
33e2cadd9d0b2b4ebeb6261766032e4a,Bacteria,Firmicutes,Clostridia,Clostridiales,Peptococcaceae,Peptococcus,,0.9999999756292088
5656d8b980bfee07e29e8fc119850901,Bacteria,Firmicutes,Clostridia,Clostridiales,Peptococcaceae,Peptococcus,,0.9999999456051696
7d893311a14a858907d4c8ca21d32dc4,Bacteria,Firmicutes,Clostridia,Clostridiales,Peptococcaceae,Peptococcus,,0.9999999961428044
acfe4c003905a7074aeaf385b78ad9e0,Bacteria,Firmicutes,Clostridia,Clostridiales,Ruminococcaceae,Gemmiger,formicilis,0.9345557227132958
80b20e907aa4fcf2309796bc303d151d,Bacteria,Firmicutes,Clostridia,Clostridiales,Ruminococcaceae,,,0.99999983002641
a1b971c01ce0b220275c218adbe717c1,Bacteria,Firmicutes,Clostridia,Clostridiales,Ruminococcaceae,Subdoligranulum,variabile,0.9238574172087388
d781fa7e866ac295ce9a56bd97912983,Bacteria,Firmicutes,Clostridia,Clostridiales,Ruminococcaceae,Faecalibacterium,prausnitzii,0.994188140511315
bfbed36e63b69fec4627424163d20118,Bacteria,Firmicutes,Clostridia,Clostridiales,Ruminococcaceae,Faecalibacterium,prausnitzii,0.9904773705364676
90d32ffe026535b392c0bad850f213c4,Bacteria,Firmicutes,Clostridia,Clostridiales,Ruminococcaceae,Faecalibacterium,prausnitzii,0.9999855143063456
6b350f9f82a39450e0894fe9138ad267,Bacteria,Firmicutes,Clostridia,Clostridiales,Ruminococcaceae,Faecalibacterium,prausnitzii,0.9997951468708376
e9d3af4175420ffab49c29d1a6bb2030,Bacteria,,,,,,,0.9732577611634454
eb8ef4756ed538fe480d979e740a04d8,Bacteria,,,,,,,0.9987529119915344
84e6f7df01548135d92febfeae9a1ea6,Bacteria,Spirochaetes,Spirochaetes,Spirochaetales,Spirochaetaceae,Treponema,,0.9999974346572392
23b560e97aacfd0422ed3f8a1104e7d7,Bacteria,Spirochaetes,Spirochaetes,Spirochaetales,Spirochaetaceae,Treponema,,0.9999585663187168
e9f0399c43aff643ceb1480929cf89b2,Bacteria,Spirochaetes,Spirochaetes,Spirochaetales,Spirochaetaceae,Treponema,socranskii,0.9999999999874944
726f76e9275bfa07ccb329dda324c58f,Bacteria,Spirochaetes,Spirochaetes,Spirochaetales,Spirochaetaceae,Treponema,socranskii,0.9999999999832596
d4c5acaf755ef50d18008aa6c79f60b0,Bacteria,Spirochaetes,Spirochaetes,Spirochaetales,Spirochaetaceae,Treponema,,0.99991136233321
1ca133f4d30ab344f11e6624e841d9cd,Bacteria,Spirochaetes,Spirochaetes,Spirochaetales,Spirochaetaceae,Treponema,,0.9990917217448432
e6953e3ef3e20c6b169ef7a759d868df,Bacteria,Firmicutes,Clostridia,Clostridiales,Ruminococcaceae,,,0.9999995698198312
464ff59b632870b5028ed3092b9443ff,Bacteria,Firmicutes,Clostridia,Clostridiales,Ruminococcaceae,Subdoligranulum,variabile,0.9198379178024304
eecc4a4317225eb579540e82ab785716,Bacteria,Firmicutes,Clostridia,Clostridiales,Ruminococcaceae,Faecalibacterium,prausnitzii,0.987557805908542
81026563293d6ed29eec4d7f73eab34d,Bacteria,,,,,,,0.9357827559034804
8be3d398e9e6b768ed1aa713f2981204,Bacteria,,,,,,,0.9694674169605368
1d7e45fd568a577b5a6a8b4a20743211,Bacteria,,,,,,,0.9636333895174928
d46bfd723f625e317606ae28580eba3e,Bacteria,,,,,,,0.9637233072910132
ef571c059fe495366b01e977f7494fbc,Bacteria,Proteobacteria,Deltaproteobacteria,Myxococcales,,,,0.9920827567281862
4a146c717d33b2f2719e648bd7d22059,Bacteria,Planctomycetes,Planctomycetia,Planctomycetales,Planctomycetaceae,Planctomyces,,0.9999733247511038
be5ed9c02284fa6aa31037f0e2d93470,Bacteria,Proteobacteria,Alphaproteobacteria,Rhodospirillales,Rhodospirillaceae,,,0.9988930675016148
504572e3afd673db749ee5e8e3e57b97,Bacteria,Cyanobacteria,Nostocophycideae,Nostocales,Nostocaceae,,,0.8597859617201968
fa3729663b98de0c0af7913e9f30c19e,Bacteria,Proteobacteria,Alphaproteobacteria,Rhodospirillales,,,,0.9999678007422356
c89812744d8755bef87bedf499bd19cf,Bacteria,,,,,,,0.9684252406361076
514a4ebb290842347e3f7ac7cbba276e,Bacteria,,,,,,,0.9761663645910498
5fb5ace22c46fefb30969da7bb0dcb74,Bacteria,,,,,,,0.9838092118643886
1efd43e712291698f34853dac3b67f54,Bacteria,Proteobacteria,Gammaproteobacteria,Pseudomonadales,Moraxellaceae,Psychrobacter,sanguinis,0.7601280109458121
c99439f78b73ffcf55858ae828aac608,Bacteria,Proteobacteria,Gammaproteobacteria,Pseudomonadales,Moraxellaceae,Psychrobacter,pulmonis,0.9481369005130756
9d3ec96491b522546acbdfa3b21b6071,Bacteria,Proteobacteria,Gammaproteobacteria,Pseudomonadales,Moraxellaceae,Psychrobacter,,0.9987128332012568
81351ef6b4d49a3a6b2fc24745d70305,Bacteria,Proteobacteria,Gammaproteobacteria,Pseudomonadales,Moraxellaceae,Moraxella,,0.9884707028830828
55f85b9f95aa14453f466b2ee388737b,Bacteria,Proteobacteria,Gammaproteobacteria,Pseudomonadales,Moraxellaceae,Perlucidibaca,,0.999994393952559
13692c41b4bf5d577c28c278caafcddb,Bacteria,Proteobacteria,Gammaproteobacteria,Pseudomonadales,Pseudomonadaceae,Pseudomonas,,0.8057998318905527
724c43ad3632cb8c5c6230c874551bd2,Bacteria,Proteobacteria,Gammaproteobacteria,Pseudomonadales,Pseudomonadaceae,Pseudomonas,viridiflava,0.9505735572336512
1b448e00c078f81e49a61933072345d2,Bacteria,Proteobacteria,Gammaproteobacteria,Pseudomonadales,Pseudomonadaceae,Pseudomonas,fragi,0.7523021401322383
8b111e12f8f73205bac732c7479a97e8,Bacteria,Proteobacteria,Gammaproteobacteria,Pseudomonadales,Pseudomonadaceae,Pseudomonas,,0.9892050998983056
9079bfebcce01d4b5c758067b1208c31,Bacteria,Proteobacteria,Gammaproteobacteria,Pseudomonadales,Pseudomonadaceae,Pseudomonas,veronii,0.8750798990438987
063fa4f5a6fa894f7f8243468324ac5e,Bacteria,Proteobacteria,Gammaproteobacteria,Pseudomonadales,Moraxellaceae,Acinetobacter,lwoffii,0.9930957323099144
6a9b2745a31a3e5ae16682a323c28a4d,Bacteria,Proteobacteria,Gammaproteobacteria,Pseudomonadales,Moraxellaceae,Acinetobacter,,0.9367696076055336
498128a80a796620b238d8ad5cd1d2f9,Bacteria,Proteobacteria,Deltaproteobacteria,Myxococcales,,,,0.9999999961002582
7b9b46a7c3fb8b76b1c68911a9b56da1,Bacteria,Proteobacteria,Gammaproteobacteria,Pseudomonadales,Moraxellaceae,,,0.9079335756093656
30273eb317696f87e7b6fd37ada4bb8f,Bacteria,Proteobacteria,Gammaproteobacteria,Pseudomonadales,Moraxellaceae,Enhydrobacter,,0.98851859950703
3cdd97ba69a504117de24626ba790e96,Bacteria,Proteobacteria,Gammaproteobacteria,Pseudomonadales,Moraxellaceae,Enhydrobacter,,0.8439332937825093
6967d97d0d19d82633e2d05305850f80,Bacteria,Proteobacteria,Gammaproteobacteria,Pseudomonadales,Moraxellaceae,Enhydrobacter,,0.9999041080815536
4ce1be9cea00a1eb7f960600e1ff3cfa,Bacteria,Proteobacteria,Gammaproteobacteria,Pseudomonadales,Moraxellaceae,Acinetobacter,,0.999964371919078
3e7f7d8ab3a5fb0e3401a0fda19d8bcb,Bacteria,Proteobacteria,Gammaproteobacteria,Pseudomonadales,Moraxellaceae,Acinetobacter,,0.9934905701573664
1b75626f6834620dc2c729a1a81f497a,Bacteria,Proteobacteria,Gammaproteobacteria,Pseudomonadales,Moraxellaceae,Acinetobacter,,0.9855606372444408
909755d7142ea53c7f61c97c3586f26c,Bacteria,Proteobacteria,Gammaproteobacteria,Pseudomonadales,Moraxellaceae,Acinetobacter,guillouiae,0.7215177163900099
c4aad64f84f51ff331b986a67af4ed3d,Bacteria,Proteobacteria,Gammaproteobacteria,Pseudomonadales,Moraxellaceae,Acinetobacter,,0.9999995887891971
c73d4cf2ab0b699fb47d44488b82fd40,Bacteria,Verrucomicrobia,[Pedosphaerae],[Pedosphaerales],,,,0.810090932658584
da3328e15aae60ea55a8765511d0327e,Bacteria,Verrucomicrobia,[Pedosphaerae],[Pedosphaerales],,,,0.9627200992848586
0160e14a78b18b903618f11bc732746e,Bacteria,Verrucomicrobia,Verrucomicrobiae,Verrucomicrobiales,Verrucomicrobiaceae,Akkermansia,muciniphila,0.999999999987395
cfce45c3a7af608093fd99677d635891,Bacteria,Verrucomicrobia,[Spartobacteria],[Chthoniobacterales],[Chthoniobacteraceae],,,0.995658170077082
14b20f972cfa94f77bc33eccc5ffca4c,Bacteria,Verrucomicrobia,[Spartobacteria],[Chthoniobacterales],[Chthoniobacteraceae],DA101,,0.9999865606406918
a3ebb6445ca32f39df9f84fe48525773,Bacteria,Planctomycetes,Phycisphaerae,WD2101,,,,0.9999921194553432
4aa8e1c58af1b89f613fe3bf2b81604e,Bacteria,Firmicutes,Clostridia,Clostridiales,,,,0.7401750428512665
4042bf819b2707dcb567a04950667ec7,Bacteria,Firmicutes,Clostridia,Clostridiales,,,,0.738871349152801
678424c0e69dd311d2b536cfd69a91a4,Bacteria,Tenericutes,Mollicutes,Mycoplasmatales,Mycoplasmataceae,Mycoplasma,,0.9999956693794568
421da954b88f7175953a73ea34b933e0,Bacteria,Tenericutes,Mollicutes,Mycoplasmatales,Mycoplasmataceae,Mycoplasma,,0.999999914217785
b3406cb10b6d6882837eaacbaec3553e,Bacteria,Tenericutes,Mollicutes,Mycoplasmatales,Mycoplasmataceae,Mycoplasma,,0.9999811316031408
867e71db0537674539934bf97db51bc0,Bacteria,Firmicutes,Clostridia,Clostridiales,,,,0.9805686363911248
de35e106a779f81d63e2e058bf18799c,Bacteria,Firmicutes,Clostridia,Clostridiales,,,,0.9541889113208109
8c001c89f020a1b78b26ee21d1d56746,Bacteria,Firmicutes,Clostridia,Clostridiales,,,,0.8210950965488951
a9e0ac523112f40942da575caf1f386e,Archaea,Crenarchaeota,Thaumarchaeota,Nitrososphaerales,Nitrososphaeraceae,Candidatus Nitrososphaera,,0.7429503385261134
033511c7ff4fe93866075cfb9129aa3b,Archaea,Crenarchaeota,Thaumarchaeota,Nitrososphaerales,Nitrososphaeraceae,Candidatus Nitrososphaera,SCA1145,0.9965784248505476
723858f72b4469efb79c323f75bc181f,Bacteria,Planctomycetes,Planctomycetia,Planctomycetales,Planctomycetaceae,Planctomyces,,0.9999515246530136
2ca928ad9749bb9726c35d6528fefec1,Bacteria,Proteobacteria,Alphaproteobacteria,Rhizobiales,Methylobacteriaceae,Methylobacterium,adhaesivum,0.9925155148865812
f6bb195f075d463c5e9b620a6a76dbfd,Bacteria,Proteobacteria,Alphaproteobacteria,Rhizobiales,Methylobacteriaceae,Methylobacterium,,0.9999802801623
b18b389447d758e7cb173b4b4f2ad960,Bacteria,Proteobacteria,Alphaproteobacteria,Rhizobiales,Bradyrhizobiaceae,Bradyrhizobium,,0.7705007913617621
6488fe0aaa024ba9c06647578b5a6caf,Bacteria,Proteobacteria,Alphaproteobacteria,Rhodospirillales,Acetobacteraceae,,,0.800369942604194
217845ff2f7195cbc781eba1f7e7eaa1,Bacteria,Proteobacteria,Alphaproteobacteria,Rhodospirillales,Acetobacteraceae,,,0.828735375768587
5454ea14c70f0323a5e836aba10947b8,Bacteria,Proteobacteria,Alphaproteobacteria,Rhodospirillales,Acetobacteraceae,,,0.722238664467214
0f006e3e638afedde4892706134a4fb9,Bacteria,Proteobacteria,Alphaproteobacteria,Caulobacterales,Caulobacteraceae,Mycoplana,,0.998070259223398
7f4909ae8d31a3995fa2c200c690a21f,Bacteria,Proteobacteria,Alphaproteobacteria,Caulobacterales,Caulobacteraceae,Brevundimonas,,0.8547598789969116
5ec803f68f3c48cd9ce6436ccbd5b1e3,Bacteria,Proteobacteria,Alphaproteobacteria,Caulobacterales,Caulobacteraceae,Caulobacter,,0.8459240643048123
684721318896ed01048f3502333c214d,Bacteria,Proteobacteria,Alphaproteobacteria,Caulobacterales,Caulobacteraceae,Brevundimonas,diminuta,0.9254869959587
2ab2f3551b7aa27fd483fdcbaa1a0afb,Bacteria,Proteobacteria,Alphaproteobacteria,Rhodospirillales,Acetobacteraceae,Roseomonas,,0.7843975440490764
7a9e7bd6bd3444b67f37c95db2960d50,Bacteria,Proteobacteria,Alphaproteobacteria,Rhizobiales,,,,0.9991397042389318
959a178855242ad3833af85d38ccff45,Bacteria,Proteobacteria,Alphaproteobacteria,Rhizobiales,Bradyrhizobiaceae,Balneimonas,,0.9999423462946536
955d8fcbb35e8bc04c8df0c6aae34d34,Bacteria,Proteobacteria,Alphaproteobacteria,Rhizobiales,Rhizobiaceae,,,0.95726048643433
8c255f9dc0be58d1389877ec645f1a17,Bacteria,Proteobacteria,Alphaproteobacteria,Rhizobiales,Rhizobiaceae,Rhizobium,,0.9856964071304024
ae25381e186978a7230f03484baede7c,Bacteria,Proteobacteria,Alphaproteobacteria,Rhodospirillales,Rhodospirillaceae,Skermanella,,0.9999075445457484
d329ff7ff76454d2282c9f01c2798588,Bacteria,Proteobacteria,Alphaproteobacteria,Rhizobiales,Brucellaceae,Ochrobactrum,,0.7260785296326239
ae4c61e598c093caa5b66b6919f02ba3,Bacteria,Proteobacteria,Alphaproteobacteria,Rhizobiales,Brucellaceae,,,0.8152871621326938
e9849de9c0f7be74e13c457f05177aad,Bacteria,Proteobacteria,Alphaproteobacteria,Rhizobiales,Hyphomicrobiaceae,Devosia,,0.7299862615303623
de391a8294254c47e8f460325eea85f8,Bacteria,Proteobacteria,Alphaproteobacteria,Rhizobiales,Brucellaceae,,,0.8635958068185423
f8fe4ee0ae3da9a1432872f5545a0d42,Bacteria,Proteobacteria,Gammaproteobacteria,Pseudomonadales,Pseudomonadaceae,Pseudomonas,alcaligenes,0.9987991330506324
35b6dde81c92eb7f66ca9f741da3514e,Bacteria,Proteobacteria,Gammaproteobacteria,Pseudomonadales,Pseudomonadaceae,,,0.9997152859669336
14f2e2d783b09c74ccd36ed32cbeaddd,Bacteria,Proteobacteria,Gammaproteobacteria,Pseudomonadales,Pseudomonadaceae,,,0.9999909332226042
62bf37c50994a06e6c8c93355ad1caa0,Bacteria,Proteobacteria,Gammaproteobacteria,Pseudomonadales,Pseudomonadaceae,Pseudomonas,,0.9739776938262504
77f79d776f3845bc2901cf9c4229de0b,Bacteria,Proteobacteria,Gammaproteobacteria,Xanthomonadales,Xanthomonadaceae,,,0.9999732697129476
344b020d867e3210563eaf40b0c557ef,Bacteria,Proteobacteria,Gammaproteobacteria,Xanthomonadales,Xanthomonadaceae,Xanthomonas,,0.7864152393416735
9f6a3b261bc6acafa3d4a6d2de87f924,Bacteria,Proteobacteria,Gammaproteobacteria,Xanthomonadales,Xanthomonadaceae,Pseudoxanthomonas,,0.862093561330372
c2562f279f2b32428e71ef8e8e1cd3d8,Bacteria,Proteobacteria,Gammaproteobacteria,Xanthomonadales,Xanthomonadaceae,,,0.9956205256238778
a6b6f29a1196cacfc392e3d71f55e2a2,Bacteria,Proteobacteria,Deltaproteobacteria,Bdellovibrionales,Bacteriovoracaceae,Peredibacter,starrii,0.9936884594654932
8bcec52021ee6467bf008848d55b7a9f,Bacteria,Verrucomicrobia,Verrucomicrobiae,Verrucomicrobiales,Verrucomicrobiaceae,Luteolibacter,,0.9802494161199682
a5e8aaab366d42b670d589ada160581c,Bacteria,,,,,,,0.953637948042814
c80037fe31359840bb73250f330b60e3,Bacteria,,,,,,,0.964992177621586
a1759b9ca6b3363edacc599498d62b56,Bacteria,Proteobacteria,Alphaproteobacteria,Sphingomonadales,Sphingomonadaceae,Sphingopyxis,,0.9922764317793232
d9095748835ade1b8914c5f57b6acbcf,Bacteria,Proteobacteria,Gammaproteobacteria,Aeromonadales,Aeromonadaceae,Oceanisphaera,,0.9930144403735944
816e266d71b9a9af9d3d74893dee443e,Bacteria,Bacteroidetes,Bacteroidia,Bacteroidales,[Paraprevotellaceae],,,0.9999361763818944
a5551fc60aa8bbaab737487552ea2a75,Bacteria,Bacteroidetes,Bacteroidia,Bacteroidales,[Paraprevotellaceae],Paraprevotella,,0.9998952954383185
b3d4d129c955517b446df657236ba5a2,Bacteria,Bacteroidetes,Bacteroidia,Bacteroidales,[Paraprevotellaceae],Paraprevotella,,0.9999912817807128
1a8d25f7529d783a219ef689701dd4e2,Bacteria,Bacteroidetes,Bacteroidia,Bacteroidales,[Barnesiellaceae],,,0.9857133044469076
a659784c026bd9c8cde94da36aa656d7,Bacteria,Bacteroidetes,Bacteroidia,Bacteroidales,Prevotellaceae,Prevotella,,0.9876159339732882
04c7e0ea3038f942f5a28778a74cd1c0,Bacteria,Bacteroidetes,Bacteroidia,Bacteroidales,[Paraprevotellaceae],,,0.9976703756169611
d8e8459398f3f096775f4298666880a7,Bacteria,Bacteroidetes,Bacteroidia,Bacteroidales,[Paraprevotellaceae],[Prevotella],,0.9999961014988762
81fad06bda8cf753d87288f1d080da88,Bacteria,Bacteroidetes,Bacteroidia,Bacteroidales,[Paraprevotellaceae],[Prevotella],,0.9982458738797076
f35ce9c514e1398308f5f84ed50b260f,Bacteria,Bacteroidetes,Bacteroidia,Bacteroidales,[Paraprevotellaceae],[Prevotella],,0.9997401271641208
cfe4948493ea1b183b006512be10924a,Bacteria,Bacteroidetes,Bacteroidia,Bacteroidales,[Paraprevotellaceae],[Prevotella],,0.9998609944343244
2328e11c4256f1f05395b7a377381279,Bacteria,Bacteroidetes,Bacteroidia,Bacteroidales,[Paraprevotellaceae],[Prevotella],,0.9995009894548996
3c9c437f27aca05f8db167cd080ff1ec,Bacteria,Bacteroidetes,Bacteroidia,Bacteroidales,Prevotellaceae,Prevotella,melaninogenica,0.999998629817953
848587c4a03949500c5815bd6edb7b6e,Bacteria,Bacteroidetes,Bacteroidia,Bacteroidales,Prevotellaceae,Prevotella,melaninogenica,0.9999967154062772
75258a676bcd7e73c2437d6a2012d490,Bacteria,Bacteroidetes,Bacteroidia,Bacteroidales,Prevotellaceae,Prevotella,intermedia,0.9980870794926288
b5bf6383b53e0add0d6589b73949462a,Bacteria,Bacteroidetes,Bacteroidia,Bacteroidales,Prevotellaceae,Prevotella,,0.8902383326989972
2ff525a1e58c54525e7f2d68a6c0b23e,Bacteria,Bacteroidetes,Bacteroidia,Bacteroidales,Prevotellaceae,Prevotella,pallens,0.9999191592334477
26b8b1509edf09c438db1634308c3c90,Bacteria,Bacteroidetes,Bacteroidia,Bacteroidales,Prevotellaceae,Prevotella,nanceiensis,0.9999999996099832
ae27459b7f5465815b1f565d792083ce,Bacteria,Bacteroidetes,Bacteroidia,Bacteroidales,Prevotellaceae,Prevotella,nanceiensis,0.999999999772882
3e2c7eb0316409806267a8d9845b0b13,Bacteria,Bacteroidetes,Bacteroidia,Bacteroidales,[Paraprevotellaceae],[Prevotella],tannerae,0.9999999999997442
30ebe1a33c21c25c55e4fdbb5894b832,Bacteria,Bacteroidetes,Bacteroidia,Bacteroidales,[Paraprevotellaceae],[Prevotella],tannerae,0.9999999999999148
0a50155a2def454344e1f2305eff7092,Bacteria,Bacteroidetes,Bacteroidia,Bacteroidales,Prevotellaceae,Prevotella,,0.9999870860422498
acba6a53153faccd2c02a9c0e8a2d941,Bacteria,Bacteroidetes,Bacteroidia,Bacteroidales,Prevotellaceae,Prevotella,,0.9994405410667316
f3194c2eb241f821239009ca55dbb30c,Bacteria,Bacteroidetes,Bacteroidia,Bacteroidales,Prevotellaceae,Prevotella,copri,0.9991254548294644
6edca9464612efff71d8f97299f01663,Bacteria,Bacteroidetes,Bacteroidia,Bacteroidales,Prevotellaceae,Prevotella,melaninogenica,0.999972358990366
839fafb762395fab1ba257442ec29e7f,Bacteria,Bacteroidetes,Bacteroidia,Bacteroidales,Prevotellaceae,Prevotella,melaninogenica,0.8393320171042293
7cdabbffaaa6cc6d9f478d91f312a8ee,Bacteria,Bacteroidetes,Bacteroidia,Bacteroidales,Prevotellaceae,Prevotella,,0.9977395176959568
d985172bebaa0bbe61ff5f682d372c6e,Bacteria,Bacteroidetes,Bacteroidia,Bacteroidales,Prevotellaceae,Prevotella,,0.9986061443871588
2a010fd0ac0d1761c2e64c9cd3fd97c4,Bacteria,Bacteroidetes,Bacteroidia,Bacteroidales,Prevotellaceae,Prevotella,,0.997402699548434
30d793622ebd90e7687dd3827701d46e,Bacteria,Bacteroidetes,Bacteroidia,Bacteroidales,Prevotellaceae,Prevotella,,0.9998975666676034
025dd300b0ccbd9d5898969c2a1ab138,Bacteria,Bacteroidetes,Bacteroidia,Bacteroidales,[Paraprevotellaceae],[Prevotella],,0.9999347456388564
846cbaf603b77be035fe0cb61d14a23c,Bacteria,Bacteroidetes,Bacteroidia,Bacteroidales,Prevotellaceae,Prevotella,,0.9999658335733448
7f99061140cbf6c9081a204380efd8e1,Bacteria,Bacteroidetes,Bacteroidia,Bacteroidales,Prevotellaceae,Prevotella,,0.999987380285012
4ab53e40e06f3a9b0b9b2669d8a52f65,Bacteria,Bacteroidetes,Bacteroidia,Bacteroidales,Prevotellaceae,Prevotella,,0.9996489789140162
2c9e19a0423a00f8c17d8086a8ab39a5,Bacteria,Bacteroidetes,Bacteroidia,Bacteroidales,Prevotellaceae,Prevotella,,0.9727154649600562
49232f27012731b0a65805c0919e2bbc,Bacteria,Bacteroidetes,Bacteroidia,Bacteroidales,Prevotellaceae,Prevotella,,0.9999767401745704
a621ed0faf5f6d7f3ad8f5e66cd41faf,Bacteria,Bacteroidetes,Bacteroidia,Bacteroidales,Prevotellaceae,Prevotella,,0.9681375643518056
1a2d9f4af510ce624fa0337c3ea9fedc,Bacteria,Bacteroidetes,Bacteroidia,Bacteroidales,Prevotellaceae,Prevotella,,0.9903907848166702
faf2bd479f04891ef2afba2f407749ac,Bacteria,Bacteroidetes,Bacteroidia,Bacteroidales,Prevotellaceae,Prevotella,,0.8679943492751603
6bd57e46e038faafe4bb747e1d494df7,Bacteria,Bacteroidetes,Bacteroidia,Bacteroidales,Rikenellaceae,Alistipes,indistinctus,0.9999956113958838
0be23adca941c1335eb04db17dc66e98,Bacteria,Bacteroidetes,Bacteroidia,Bacteroidales,Porphyromonadaceae,Porphyromonas,endodontalis,0.9999999771111308
ba3ff6e27b67596844f11db93e44c496,Bacteria,Bacteroidetes,Bacteroidia,Bacteroidales,Porphyromonadaceae,Porphyromonas,,0.9940970692200488
752621a2dcf600f86357e9c2fa1fc985,Bacteria,Bacteroidetes,Bacteroidia,Bacteroidales,Porphyromonadaceae,Porphyromonas,,0.9996634769748312
b89da5ee2f75672a2656789aea91071d,Bacteria,Bacteroidetes,Bacteroidia,Bacteroidales,Porphyromonadaceae,Porphyromonas,,0.9994175442755104
4738a05820f1a7840410c66476953498,Bacteria,Bacteroidetes,Bacteroidia,Bacteroidales,Porphyromonadaceae,Porphyromonas,endodontalis,0.9999990640366976
6fea19332b7fb980e2124d0339c596c2,Bacteria,Bacteroidetes,Bacteroidia,Bacteroidales,Porphyromonadaceae,Porphyromonas,,0.9996677347946584
c5dfb8aa2b481cb89e2602fc20941587,Bacteria,Bacteroidetes,Bacteroidia,Bacteroidales,Porphyromonadaceae,Porphyromonas,,0.999412378253867
bae6b03d63955f134b6e523285263226,Bacteria,Bacteroidetes,Flavobacteriia,Flavobacteriales,Flavobacteriaceae,Flavobacterium,,0.9974310059057084
9815d07f1b564c9be5aab03db01608da,Bacteria,Bacteroidetes,Flavobacteriia,Flavobacteriales,Flavobacteriaceae,Flavobacterium,,0.989625308592746
a826883ed572461c97a23561f7ecea3c,Bacteria,Bacteroidetes,Flavobacteriia,Flavobacteriales,Flavobacteriaceae,Flavobacterium,,0.9997416371083592
f7a8c8f87af98f9c5f479beaadc0b892,Bacteria,Bacteroidetes,Flavobacteriia,Flavobacteriales,Flavobacteriaceae,,,0.9999748584586344
7eedfc5c8d0d6b8852fabb20d52a8c5d,Bacteria,Bacteroidetes,Flavobacteriia,Flavobacteriales,Flavobacteriaceae,Flavobacterium,succinicans,0.8772130370414141
82e72255267397b777a1afd44ea22755,Bacteria,Bacteroidetes,Flavobacteriia,Flavobacteriales,Flavobacteriaceae,Flavobacterium,succinicans,0.9401966949885262
55ec4b057c122957d25013675512c73d,Bacteria,Bacteroidetes,Flavobacteriia,Flavobacteriales,Flavobacteriaceae,,,0.9999996196579576
76d0a9cc7116aeaa8d26bc09e768cbc4,Bacteria,Bacteroidetes,Flavobacteriia,Flavobacteriales,Flavobacteriaceae,,,0.9808504164391996
bcb349a220a0c33a6b780dbc29a25f71,Bacteria,Bacteroidetes,Sphingobacteriia,Sphingobacteriales,Sphingobacteriaceae,Pedobacter,,0.902603989338203
e0f1938338e6f9b8cf8408e672ee6cd1,Bacteria,Bacteroidetes,Sphingobacteriia,Sphingobacteriales,Sphingobacteriaceae,Pedobacter,,0.9370331785861774
d8adf2a20249cefe6c627f9c17abb202,Bacteria,Bacteroidetes,Sphingobacteriia,Sphingobacteriales,Sphingobacteriaceae,Pedobacter,,0.7864088368239393
626b8ee112be0ec208bb16445611d001,Bacteria,Bacteroidetes,Sphingobacteriia,Sphingobacteriales,Sphingobacteriaceae,Pedobacter,,0.856283618460257
56c98126dde3abb2d263088db55e12c8,Bacteria,Bacteroidetes,Sphingobacteriia,Sphingobacteriales,Sphingobacteriaceae,Pedobacter,,0.8667074499304933
8c5f2b5fce1b357f54ed4c8c047b6845,Bacteria,Bacteroidetes,Sphingobacteriia,Sphingobacteriales,Sphingobacteriaceae,Pedobacter,cryoconitis,0.9673271362371232
22ed70e219c67c2bf4e20e0b144b12bb,Bacteria,Bacteroidetes,Sphingobacteriia,Sphingobacteriales,Sphingobacteriaceae,Sphingobacterium,faecium,0.9999968857463024
87899779aec8d38dfaf48d895cfe8021,Bacteria,Bacteroidetes,Bacteroidia,Bacteroidales,,,,0.973321848903108
66fb1fc4317badb5dfaec2bf8e5055d7,Bacteria,Bacteroidetes,Flavobacteriia,Flavobacteriales,Flavobacteriaceae,,,0.8748991064952291
2c47de0940a8213b1ba751a7cd0b649b,Bacteria,Bacteroidetes,Bacteroidia,Bacteroidales,Rikenellaceae,AF12,,0.999974291758807
4b5eeb300368260019c1fbc7a3c718fc,Bacteria,Bacteroidetes,Bacteroidia,Bacteroidales,Bacteroidaceae,Bacteroides,,0.9916072061317568
868528ca947bc57b69ffdf83e6b73bae,Bacteria,Bacteroidetes,Bacteroidia,Bacteroidales,Bacteroidaceae,Bacteroides,,0.9858975018911792
0305a4993ecf2d8ef4149fdfc7592603,Bacteria,Bacteroidetes,Bacteroidia,Bacteroidales,Bacteroidaceae,Bacteroides,uniformis,0.980392160273622
cdd14cce4ec44b3235923652b71e947e,Bacteria,Bacteroidetes,Bacteroidia,Bacteroidales,Bacteroidaceae,Bacteroides,,0.9999965119371276
44ff26d8105cf822417b4b0c4eb27c02,Bacteria,Bacteroidetes,Bacteroidia,Bacteroidales,Bacteroidaceae,Bacteroides,,0.8985622308207678
7a5d5e6f85da7ca91daa2d803e8f9279,Bacteria,Bacteroidetes,Bacteroidia,Bacteroidales,Bacteroidaceae,Bacteroides,,0.867281898730417
ee0fb26fca3afb05e0b288d6fcab899e,Bacteria,Bacteroidetes,Bacteroidia,Bacteroidales,Bacteroidaceae,Bacteroides,fragilis,0.9953666192869424
154709e160e8cada6bfb21115acc80f5,Bacteria,Bacteroidetes,Bacteroidia,Bacteroidales,Bacteroidaceae,Bacteroides,,0.9999998925520824
9118606a87ac19f8d041da20f16f3236,Bacteria,Bacteroidetes,Bacteroidia,Bacteroidales,Porphyromonadaceae,Parabacteroides,distasonis,0.9997857815620996
f1d63da515a0c96eb9f7af5de75655bb,Bacteria,Bacteroidetes,Bacteroidia,Bacteroidales,Rikenellaceae,,,0.9387988433441058
51ddb685cfb1775931489ebbd3eef6ca,Bacteria,Bacteroidetes,Bacteroidia,Bacteroidales,Porphyromonadaceae,Paludibacter,,0.9915791223235254
c961cc0ecd0ac693e2fb7dcf7794c3e5,Bacteria,Bacteroidetes,Flavobacteriia,Flavobacteriales,Flavobacteriaceae,Capnocytophaga,ochracea,0.936424007525966
53729ba7429e5bd2fe96229b14452bdc,Bacteria,Bacteroidetes,Flavobacteriia,Flavobacteriales,Flavobacteriaceae,Capnocytophaga,ochracea,0.71208786001457
9930e78f4486e70ced513d619dae53fb,Bacteria,Bacteroidetes,Flavobacteriia,Flavobacteriales,Flavobacteriaceae,Capnocytophaga,,0.9999872495375138
97e0a84031c426df75af82aeff951f26,Bacteria,Bacteroidetes,Flavobacteriia,Flavobacteriales,Flavobacteriaceae,Capnocytophaga,,0.993160308000147
6401660183a33dded59f163fc63aab4d,Bacteria,Bacteroidetes,Flavobacteriia,Flavobacteriales,Flavobacteriaceae,Capnocytophaga,canimorsus,0.999218754221766
dd530a50ee0277096b0cbd210cdb80b2,Bacteria,Bacteroidetes,Flavobacteriia,Flavobacteriales,Flavobacteriaceae,Capnocytophaga,,0.9251170169750546
b0ca0d2568c23c26c6704017eae471e1,Bacteria,Bacteroidetes,Bacteroidia,Bacteroidales,Porphyromonadaceae,Porphyromonas,,0.99827146280041
8f146ce7c43f38ad3673dabe93c7c5bb,Bacteria,Bacteroidetes,Bacteroidia,Bacteroidales,Porphyromonadaceae,Porphyromonas,,0.9989122229844136
63e29d89c820b4baafc3f5622946d6ee,Bacteria,Bacteroidetes,Bacteroidia,Bacteroidales,Bacteroidaceae,Bacteroides,plebeius,0.99999582185379
b1141c1ab18997c3339e8229e0b9f41a,Bacteria,Bacteroidetes,Bacteroidia,Bacteroidales,Bacteroidaceae,Bacteroides,coprophilus,0.7348414349684167
dc7d3610c77e7c118082f25002f26cd4,Bacteria,Bacteroidetes,Bacteroidia,Bacteroidales,Bacteroidaceae,Bacteroides,,0.9055441418475034
5db2cf37007f874e25eb2c901917e15a,Bacteria,Bacteroidetes,Bacteroidia,Bacteroidales,S24-7,,,0.9999688095103736
216d5bb567182b6210e2c3dbc455f2b6,Bacteria,Bacteroidetes,Bacteroidia,Bacteroidales,[Odoribacteraceae],Odoribacter,,0.9999977175425172
09fc3d8a98c2ca72c69b63a51b5b564e,Bacteria,Bacteroidetes,Bacteroidia,Bacteroidales,[Barnesiellaceae],,,0.9822749685225274
d8469ca44fd367ae2aab986a57833586,Bacteria,Bacteroidetes,Bacteroidia,Bacteroidales,S24-7,,,0.9986408818274316
b1e22f094d8c64fb56dbacf680dab8c9,Bacteria,Bacteroidetes,Bacteroidia,Bacteroidales,Porphyromonadaceae,Porphyromonas,,0.9999919658565952
3d6555a4886c6e4a89104136dd5ca39e,Bacteria,Bacteroidetes,Bacteroidia,Bacteroidales,Porphyromonadaceae,Porphyromonas,,0.9999208804098686
9e1c6b703a4312cce306c7757688a351,Bacteria,Bacteroidetes,Bacteroidia,Bacteroidales,[Odoribacteraceae],Odoribacter,,0.9999999700283984
4fccea69a702bcb90cc0147c0fff2995,Bacteria,Bacteroidetes,Bacteroidia,Bacteroidales,Porphyromonadaceae,Porphyromonas,,0.9970890923787092
0316af109bb877b5c7a85ddecd6dfd1e,Bacteria,Bacteroidetes,Bacteroidia,Bacteroidales,Porphyromonadaceae,Porphyromonas,,0.9817909920395358
2a71af2786dfb7aeb7ac7d5372c41686,Bacteria,Bacteroidetes,Bacteroidia,Bacteroidales,Porphyromonadaceae,Tannerella,,0.9995606164650755
648532aadbacef2c7f8f8468a6146fb2,Bacteria,Bacteroidetes,Bacteroidia,Bacteroidales,Porphyromonadaceae,Tannerella,,0.9974428537484604
427e48835f176c1a367a14b39b882c58,Bacteria,Bacteroidetes,Bacteroidia,Bacteroidales,Porphyromonadaceae,Porphyromonas,,0.9962089135270208
71e9ece7818452114b1e87f8145aefd5,Bacteria,Bacteroidetes,Bacteroidia,Bacteroidales,Porphyromonadaceae,Porphyromonas,,0.993753660833576
41cb0c62655aa8da8968a06cde0f14a1,Bacteria,Bacteroidetes,Bacteroidia,Bacteroidales,Porphyromonadaceae,Tannerella,,0.9993186057776494
3982159c2603cacc4bc4893003bda323,Bacteria,Bacteroidetes,Bacteroidia,Bacteroidales,Porphyromonadaceae,Parabacteroides,,0.9993244741362964
f8f937eeee7762f446a0e87292f98eb6,Bacteria,Bacteroidetes,Bacteroidia,Bacteroidales,Porphyromonadaceae,Parabacteroides,,0.9997637705607646
87a04eba5a3dc45f9e899d8ab4c050b4,Bacteria,Bacteroidetes,Bacteroidia,Bacteroidales,Porphyromonadaceae,Porphyromonas,,0.99428902014037
e1b32002ee69c4e3210a2a257511f96a,Bacteria,Bacteroidetes,Bacteroidia,Bacteroidales,,,,0.9977848346123164
3a69cb2f27ac76a05405efbb5088d249,Bacteria,Bacteroidetes,Flavobacteriia,Flavobacteriales,Flavobacteriaceae,Capnocytophaga,,0.9999999156165024
f59aa47df669ef50955ce1a0512d3abf,Bacteria,Bacteroidetes,Flavobacteriia,Flavobacteriales,Flavobacteriaceae,Capnocytophaga,,0.9998392414259516
ab6b063ed43d8cb3008e157a0a305c47,Bacteria,Bacteroidetes,Bacteroidia,Bacteroidales,Rikenellaceae,Alistipes,putredinis,0.9955689536178416
9d17e47f8102cca1e9a0a5b0776bb85a,Bacteria,Bacteroidetes,Bacteroidia,Bacteroidales,,,,0.93011685882259
0b925631436d3775231b60f9d0011cae,Bacteria,Proteobacteria,Alphaproteobacteria,Sphingomonadales,Sphingomonadaceae,Sphingomonas,,0.9732603741574404
2835a5008083ae7290acbca001520ad1,Bacteria,Proteobacteria,Alphaproteobacteria,Sphingomonadales,Sphingomonadaceae,,,0.9174254595040328
7cd67e7e02db4db794fd67ab72755f8b,Bacteria,Proteobacteria,Alphaproteobacteria,Sphingomonadales,Sphingomonadaceae,Novosphingobium,stygium,0.942834284455504
6be678de197b54f9a04f6c984b91ef22,Bacteria,Proteobacteria,Alphaproteobacteria,Sphingomonadales,Sphingomonadaceae,Blastomonas,,0.9819933988446636
3bb6760ebcd348e0c695a5fb5fccf994,Bacteria,Proteobacteria,Alphaproteobacteria,Sphingomonadales,Sphingomonadaceae,,,0.9032920008684096
1b963d0d7457ac133aed9497f03b5a64,Bacteria,Proteobacteria,Alphaproteobacteria,Sphingomonadales,Sphingomonadaceae,Sphingomonas,,0.960956758143675
16564bc936c839c893f951bab613a30b,Bacteria,Proteobacteria,Alphaproteobacteria,Sphingomonadales,Erythrobacteraceae,Erythromicrobium,,0.8895498206304842
47e6d3cd169787ff35f9a2278b8d4a2f,Bacteria,Proteobacteria,Alphaproteobacteria,Sphingomonadales,Sphingomonadaceae,Sphingopyxis,alaskensis,0.998675750671126
01ce91fd8dbecf637eb5e67cdab5c5aa,Bacteria,Firmicutes,Clostridia,Clostridiales,[Mogibacteriaceae],,,0.9999327693617778
10ae3ca534ce9bb9f80822b4b4a6375c,Bacteria,Proteobacteria,Alphaproteobacteria,Sphingomonadales,Erythrobacteraceae,,,0.9839889832945902
9cd30ed12a411f643a9f6c145e3b59d8,Bacteria,Proteobacteria,Alphaproteobacteria,Sphingomonadales,Erythrobacteraceae,,,0.9526981021595676
9c773cfe6cd90b39267153cd9eac020e,Bacteria,Proteobacteria,Alphaproteobacteria,Rhodobacterales,Rhodobacteraceae,Rubellimicrobium,,0.9999810261277392
c7312d5390945aa1e45badeeba28a998,Bacteria,Proteobacteria,Alphaproteobacteria,Rhodobacterales,Rhodobacteraceae,Paracoccus,,0.999232731911168
ac809fd715cced98911f73f1dfb1ffb9,Bacteria,Proteobacteria,Alphaproteobacteria,Rhodobacterales,Rhodobacteraceae,Paracoccus,,0.9988355134588772
5a02c9985adcd7543dff8c846cff62a5,Bacteria,Proteobacteria,Alphaproteobacteria,Rhodobacterales,Rhodobacteraceae,Paracoccus,marcusii,0.9479992871585268
74106ca246bcf2da5c4f95b82aa6867a,Bacteria,Proteobacteria,Alphaproteobacteria,Rhodobacterales,Rhodobacteraceae,Paracoccus,,0.7621664706006951
f351326f9505ffc18da207391818c48e,Bacteria,Proteobacteria,Alphaproteobacteria,Rhodobacterales,Rhodobacteraceae,Paracoccus,,0.938237729695955
5c4ad81078908a3b228188a847d12f9e,Bacteria,Proteobacteria,Alphaproteobacteria,Rhodobacterales,Rhodobacteraceae,,,0.9989797865818834
6f384c926424d43c215fbe9337d55324,Bacteria,Proteobacteria,Alphaproteobacteria,Sphingomonadales,Sphingomonadaceae,Sphingomonas,,0.998308582207884
96802b28a3942cb6b7b40f4b9bfc0d99,Bacteria,Proteobacteria,Alphaproteobacteria,Sphingomonadales,Sphingomonadaceae,Kaistobacter,,0.7157477785588663
1a4ff0ff25ff4e919711422c2f605519,Bacteria,Proteobacteria,Alphaproteobacteria,Rhodobacterales,Rhodobacteraceae,Rubellimicrobium,,0.8509227008623649
3b91757d40499fecfd75d1ad215fdd2e,Bacteria,Bacteroidetes,Flavobacteriia,Flavobacteriales,Flavobacteriaceae,Flavobacterium,gelidilacus,0.9966262523975864
541947958ad35c1591eb3ef433141196,Bacteria,Bacteroidetes,[Rhodothermi],[Rhodothermales],Rhodothermaceae,Rubricoccus,,0.9999999666328426
4851a0c86e3c1b3f3c67e88d8a38960a,Bacteria,Proteobacteria,Gammaproteobacteria,Pasteurellales,Pasteurellaceae,Aggregatibacter,,0.7553387688037312
254482075b19ff911db5e5cb26817498,Bacteria,Proteobacteria,Gammaproteobacteria,Aeromonadales,Succinivibrionaceae,Anaerobiospirillum,,0.999999965355301
f9686d94e355b66c5324677db52b3aa4,Bacteria,Proteobacteria,Gammaproteobacteria,Aeromonadales,Succinivibrionaceae,Anaerobiospirillum,,0.9999999883511352
1f0a072da4906270a684a389c1586582,Bacteria,Proteobacteria,Deltaproteobacteria,Desulfovibrionales,Desulfovibrionaceae,Bilophila,,0.999995900213028
fc15824cd9e9c29e1319d32843452b54,Bacteria,Proteobacteria,Deltaproteobacteria,Desulfovibrionales,Desulfovibrionaceae,Desulfovibrio,,0.919738748251536
94ca1389331a3a9230237844cfd545f6,Bacteria,Proteobacteria,Gammaproteobacteria,Enterobacteriales,Enterobacteriaceae,,,0.9999967347798496
185df2b73b4805164470dfaea2d05223,Bacteria,Proteobacteria,Gammaproteobacteria,Enterobacteriales,Enterobacteriaceae,,,0.9999372261242154
76d2032108822bcfaa90a4873f7a51aa,Bacteria,Proteobacteria,Gammaproteobacteria,Aeromonadales,Aeromonadaceae,Aeromonas,,0.8081250397547115
0f2a155a57fe6d0bf34767080706b3e1,Bacteria,Proteobacteria,Gammaproteobacteria,Enterobacteriales,Enterobacteriaceae,,,0.999987724205843
79e9e337b10e2d298bb1b3bde946782d,Bacteria,Proteobacteria,Gammaproteobacteria,Enterobacteriales,Enterobacteriaceae,,,0.9998899285788888
7103ca740aeadee8bdf7cedaefac990b,Bacteria,Proteobacteria,Gammaproteobacteria,Enterobacteriales,Enterobacteriaceae,,,0.979488185060571
88191bcb077f725a8c8e37d74e110baa,Bacteria,Proteobacteria,Gammaproteobacteria,Alteromonadales,Alteromonadaceae,Cellvibrio,,0.9999756411383506
9cd758ad7582755a7f52f2b003787795,Bacteria,Proteobacteria,Epsilonproteobacteria,Campylobacterales,Helicobacteraceae,Helicobacter,,0.9796609774063768
1f50ac250618ced095a2a5c34bae7651,Bacteria,Proteobacteria,Epsilonproteobacteria,Campylobacterales,Campylobacteraceae,Campylobacter,,0.9989490824736512
c81e310dae79b8767597762a093082c8,Bacteria,Proteobacteria,Epsilonproteobacteria,Campylobacterales,Campylobacteraceae,Campylobacter,,0.9996094044995156
0bd7addf1b999f01ad58fec8412b8931,Bacteria,Proteobacteria,Epsilonproteobacteria,Campylobacterales,Campylobacteraceae,Campylobacter,,0.9999999998915424
d1dbb266dc8841470f3c42fe8f465507,Bacteria,Proteobacteria,Epsilonproteobacteria,Campylobacterales,Campylobacteraceae,Campylobacter,,0.9999999906406938
6e342714744bf1b213ac0767d6c3998d,Bacteria,[Thermi],Deinococci,Deinococcales,Trueperaceae,Truepera,,0.9917856494008954
15992a34ae0f42d6b5a21eeaaef674ba,Bacteria,Bacteroidetes,[Saprospirae],[Saprospirales],Chitinophagaceae,Flavisolibacter,,0.7392661866681367
8b300bb35321f8c125cdc4c3a242bbc0,Bacteria,Bacteroidetes,[Saprospirae],[Saprospirales],Chitinophagaceae,Flavisolibacter,,0.999111706377508
bb2704c9052362b112da42bf843e7d9b,Bacteria,Bacteroidetes,[Saprospirae],[Saprospirales],Chitinophagaceae,Flavisolibacter,,0.9983161094097563
cf8a25fe1a1b134a027842e7769a285b,Bacteria,Bacteroidetes,[Saprospirae],[Saprospirales],Chitinophagaceae,Flavisolibacter,,0.9290991712851462
8fbf42d21b6c9c4a4e8e260ad1d6a1ab,Bacteria,Bacteroidetes,[Saprospirae],[Saprospirales],Chitinophagaceae,Segetibacter,,0.9999876963731428
5a61388e52a8005b6747280b9332d2de,Bacteria,Bacteroidetes,[Saprospirae],[Saprospirales],Chitinophagaceae,,,0.999851768561184
952fabf17975467e69af4ebb5efb0fb6,Bacteria,Bacteroidetes,[Saprospirae],[Saprospirales],Chitinophagaceae,,,0.882602883095212
4a5387c4bc61f2d8f3d9d2de983ba556,Bacteria,Bacteroidetes,Flavobacteriia,Flavobacteriales,[Weeksellaceae],Chryseobacterium,,0.954063367049003
d12759fe8dda1d65fe9077cc1ca9cf28,Bacteria,Bacteroidetes,Flavobacteriia,Flavobacteriales,[Weeksellaceae],Chryseobacterium,,0.9981583185541484
f8753b9f13abb306b57aedce2cf6e7d0,Bacteria,Bacteroidetes,Flavobacteriia,Flavobacteriales,[Weeksellaceae],Cloacibacterium,,0.9999248279797536
e6dfd15b38618c3c7ff0a025083f56d4,Bacteria,Bacteroidetes,Flavobacteriia,Flavobacteriales,[Weeksellaceae],Chryseobacterium,,0.9988974512795306
0310f41e594c49368dde5c5993a7a5d0,Bacteria,Bacteroidetes,Flavobacteriia,Flavobacteriales,[Weeksellaceae],Chryseobacterium,,0.9991233343538952
dbd1f3c3e0f401f60d44103595acdb69,Bacteria,Bacteroidetes,Flavobacteriia,Flavobacteriales,[Weeksellaceae],Wautersiella,,0.999983251952006
cbc2f795edfaebaf35d10b85062b426d,Bacteria,Bacteroidetes,Flavobacteriia,Flavobacteriales,[Weeksellaceae],Bergeyella,zoohelcum,0.9967732418740068
a3dc97e11838f1bf157aa875f2f6367d,Bacteria,Bacteroidetes,Flavobacteriia,Flavobacteriales,[Weeksellaceae],,,0.7466014467215456
b0f7e29de400c6b517b39230dc1b4365,Bacteria,Bacteroidetes,Flavobacteriia,Flavobacteriales,[Weeksellaceae],,,0.998861951809118
921966b15e5f1508e8650d053443c385,Bacteria,Bacteroidetes,Flavobacteriia,Flavobacteriales,[Weeksellaceae],,,0.8875320511876073
1f926dee6544b252d38067cc7753383a,Bacteria,Proteobacteria,Gammaproteobacteria,Cardiobacteriales,Cardiobacteriaceae,Cardiobacterium,,0.7508289966771179
d30a7f0a26bd40402be57831cfa4da69,Bacteria,Proteobacteria,Deltaproteobacteria,Desulfovibrionales,Desulfomicrobiaceae,Desulfomicrobium,orale,0.9984649354793436
c3fd5b1d03591477953d49f0f19600c4,Bacteria,Proteobacteria,Deltaproteobacteria,Desulfovibrionales,Desulfomicrobiaceae,,,0.999996231056866
9d68bd5a8479880505cf88ab4695b5c5,Bacteria,Bacteroidetes,Cytophagia,Cytophagales,Cytophagaceae,Pontibacter,,0.9567470374340198
524f22cecc9957e9bf629b5fb0047adc,Bacteria,Bacteroidetes,Cytophagia,Cytophagales,Cytophagaceae,Adhaeribacter,,0.9999633664997284
e6df6369108817c93a749fa640528e92,Bacteria,Bacteroidetes,Cytophagia,Cytophagales,Cytophagaceae,Adhaeribacter,,0.9998377024973524
c9ffd432429a7600931358e3a09860f5,Bacteria,Bacteroidetes,Cytophagia,Cytophagales,Cytophagaceae,Adhaeribacter,,0.9974495103955768
e83fa923d1e185d9c9de13ca3b37c8f2,Bacteria,Bacteroidetes,Cytophagia,Cytophagales,Cytophagaceae,Flectobacillus,,0.9999960902614736
029cc71dc93341de90188b686798aa0d,Bacteria,Bacteroidetes,Cytophagia,Cytophagales,Cytophagaceae,Hymenobacter,,0.9998458841896384
7fa8f515ee1ac5cb8b529b13e6a89790,Bacteria,Proteobacteria,Gammaproteobacteria,Pasteurellales,Pasteurellaceae,Pasteurella,,0.9994305599971056
aadef7fba5a0754fb631409c11fb331f,Bacteria,Proteobacteria,Gammaproteobacteria,Pasteurellales,Pasteurellaceae,Aggregatibacter,,0.9548679314115284
b8329e527429f07e08f04ecf93563779,Bacteria,Proteobacteria,Gammaproteobacteria,Pasteurellales,Pasteurellaceae,Aggregatibacter,,0.9945807442212632
475741f076c42d2c75d2d63c14fe4d3f,Bacteria,Proteobacteria,Gammaproteobacteria,Pasteurellales,Pasteurellaceae,Aggregatibacter,segnis,0.9286114241571496
1d2e5f3444ca750c85302ceee2473331,Bacteria,Proteobacteria,Gammaproteobacteria,Pasteurellales,Pasteurellaceae,Haemophilus,parainfluenzae,0.8948132716830166
1d284bea12006c939c03d622ce2abd5e,Bacteria,Proteobacteria,Gammaproteobacteria,Pasteurellales,Pasteurellaceae,,,0.999999945801762
fd86856409fe6433d719558a30910515,Bacteria,Proteobacteria,Gammaproteobacteria,Pasteurellales,Pasteurellaceae,Haemophilus,,0.7412232870416937
e737a3a864791ec52f1398d83786f4f2,Bacteria,Proteobacteria,Gammaproteobacteria,Pasteurellales,Pasteurellaceae,,,0.8129358766269505
c5b61a414bdb4305544bb4f941e0bfc9,Bacteria,Proteobacteria,Gammaproteobacteria,Pasteurellales,Pasteurellaceae,,,0.9562710591843404
54d098d009b89779530eaf43a1bb136a,Bacteria,Proteobacteria,Gammaproteobacteria,Pasteurellales,Pasteurellaceae,,,0.9181931816365748
c9f68eb27669d95f1e365fc085b51ee6,Bacteria,Proteobacteria,Gammaproteobacteria,Enterobacteriales,Enterobacteriaceae,,,0.7210792416355578
31ed03e41d53de58a6348a242165c05b,Bacteria,Proteobacteria,Gammaproteobacteria,Vibrionales,Vibrionaceae,Vibrio,rumoiensis,0.9042094172494296
4d987a66ee0e67b68c5c4428097eb22e,Bacteria,Proteobacteria,Gammaproteobacteria,Legionellales,Legionellaceae,Tatlockia,,0.8852917165838202
9f4cdae8a020a8d9c4f54e5abf5a5769,Bacteria,[Thermi],Deinococci,Deinococcales,Deinococcaceae,Deinococcus,,0.9999823550825588
21c3086fa768008b7bee62d5d13b5366,Bacteria,Proteobacteria,Gammaproteobacteria,Cardiobacteriales,Cardiobacteriaceae,,,0.999649547079296
1a5ff65c7f309159df626f810d96ae8b,Bacteria,Proteobacteria,Gammaproteobacteria,Cardiobacteriales,Cardiobacteriaceae,Cardiobacterium,,0.9979459224175083
06845c67bc4203081a981200f33e87eb,Bacteria,Proteobacteria,TA18,PHOS-HD29,,,,0.9954141513721656
a6e9c3caf38d8be5744751bea41aa62f,Bacteria,Bacteroidetes,Cytophagia,Cytophagales,Cytophagaceae,Hymenobacter,,0.9999992115976378
c23ddff0e5a041733d633d7bfb93e0cc,Bacteria,Bacteroidetes,Cytophagia,Cytophagales,Cytophagaceae,Hymenobacter,,0.9999981543657248
e5c80b4a23b96b2fa35b6da6cac2bf73,Bacteria,Bacteroidetes,Cytophagia,Cytophagales,Cytophagaceae,Flectobacillus,,0.9999961427104652
6fda1de9604a1be1b99a41028226f4a7,Bacteria,Bacteroidetes,Cytophagia,Cytophagales,Cytophagaceae,Dyadobacter,,0.9999903853890898
d002269a53cf1579adca5f0dadd4f332,Bacteria,Bacteroidetes,Cytophagia,Cytophagales,Cytophagaceae,Dyadobacter,,0.999988721515104
34e40677eda6fb724e9323b0835d5ab0,Bacteria,Bacteroidetes,Bacteroidia,Bacteroidales,[Odoribacteraceae],Butyricimonas,,0.9999999998631068
0524cb6dcc8f60dafc09c46911c9d0ac,Bacteria,Proteobacteria,Gammaproteobacteria,Enterobacteriales,Enterobacteriaceae,,,0.9981345089830864
df98cba64f84c4e8b7f7ea8396f4f3f9,Bacteria,Proteobacteria,Epsilonproteobacteria,Campylobacterales,Campylobacteraceae,Arcobacter,cryaerophilus,0.9997547116794696
ce0a68ef210192a51f60ec3eb8e3e92e,Bacteria,Proteobacteria,Epsilonproteobacteria,Campylobacterales,Campylobacteraceae,Campylobacter,ureolyticus,0.9995040984974616
b9e3d6fcb82de619e9e574be03ecaa41,Bacteria,,,,,,,0.990616761851982
93982d4e0f9eb9a6179d6abd57560c26,Bacteria,,,,,,,0.9651187014527908
99acae6a2b24652d92a1ee4cbf8faca5,Bacteria,,,,,,,0.9752561246733868
47c7eb4df73a5d553cd2f7a360ff5872,Bacteria,,,,,,,0.9524023131240648
67e23140639733766b7e127f50221289,Bacteria,Firmicutes,Clostridia,Clostridiales,[Tissierellaceae],Anaerococcus,,0.9999999997395292
76e8305b47ef8b35c452b5490589fc95,Bacteria,Firmicutes,Clostridia,Clostridiales,[Tissierellaceae],Anaerococcus,,0.9999999953754042
958bc15b660bce0b894665d13f910f5b,Bacteria,Firmicutes,Clostridia,Clostridiales,[Tissierellaceae],Anaerococcus,,0.9999999999165397
2b6445815ec98d21dbe9640083f30d2f,Bacteria,Firmicutes,Clostridia,Clostridiales,[Tissierellaceae],Anaerococcus,,0.9999999999467946
3125abe90c7ae91aec06eb104d71845f,Bacteria,Firmicutes,Clostridia,Clostridiales,[Tissierellaceae],Anaerococcus,,0.9999999999821654
45c36b8b2965484407b8b213419d4c6c,Bacteria,Firmicutes,Clostridia,Clostridiales,[Tissierellaceae],Anaerococcus,,0.999999999768704
48eda83fda558aea8fdd32b9c8dfff98,Bacteria,Firmicutes,Clostridia,Clostridiales,[Tissierellaceae],WAL_1855D,,0.9999999998926938
171930820a0db82224a948125002bf46,Bacteria,Firmicutes,Clostridia,Clostridiales,[Tissierellaceae],Anaerococcus,,0.9999999999910044
eb19aca9a5979db01ba9947baa292633,Bacteria,Firmicutes,Clostridia,Clostridiales,[Tissierellaceae],Anaerococcus,,0.9999999965512814
401d7866836c54f3cd18bd0fc814885e,Bacteria,Firmicutes,Clostridia,Clostridiales,[Tissierellaceae],Anaerococcus,,0.9999999999915872
58c63b4710a70a640cb86afa4d851178,Bacteria,,,,,,,0.9538236113790112
8dc69d65ac9e71a130bc6dbeb71d2f03,Bacteria,Proteobacteria,,,,,,0.7381854636191878
ad492bcae03f566b36a19e31f04d659a,Bacteria,,,,,,,0.9755642957620916
73bca1b91fb8a80ee698f1833c073664,Bacteria,Firmicutes,Clostridia,Clostridiales,Ruminococcaceae,,,0.9916897242892072
b92e89d105e0a6e09e5984879c4c7809,Bacteria,Firmicutes,Clostridia,Clostridiales,Veillonellaceae,Megamonas,,0.999924459443198
458462fa1e15c439f12deec2f19af933,Bacteria,Firmicutes,Clostridia,Clostridiales,Veillonellaceae,Schwartzia,,0.9999999987357596
a0daabc3e11deb9b43aafbf3c8e31e35,Bacteria,Acidobacteria,[Chloracidobacteria],RB41,Ellin6075,,,0.9999999521535596
457c3dbae079470f3cf0bf146c191e1f,Bacteria,Acidobacteria,[Chloracidobacteria],RB41,Ellin6075,,,0.999998819756769
7e4d5b19d3213719048fe55dfad0da3a,Bacteria,Firmicutes,Clostridia,Clostridiales,Ruminococcaceae,,,0.999872548878036
0f55566622d8244073432b2e67b24baa,Bacteria,Firmicutes,Clostridia,Clostridiales,Ruminococcaceae,,,0.9998148490668556
63145f49e7efc26729094a53d97c0cd1,Bacteria,Firmicutes,Clostridia,Clostridiales,,,,0.9997146833879746
1893b0ad352ee7db0f565bc4594e6dc6,Bacteria,Firmicutes,Clostridia,Clostridiales,,,,0.999811114923376
2d832109f6396e0f93297efd12e1321e,Bacteria,Actinobacteria,Thermoleophilia,Solirubrobacterales,,,,0.9999998279836296
c7ec57695a6d83b461eba523752755ec,Bacteria,Firmicutes,Clostridia,Clostridiales,Ruminococcaceae,Ruminococcus,,0.9847506822457563
3b795f0122b28b0e6a07bec73894acee,Bacteria,Firmicutes,Clostridia,Clostridiales,Ruminococcaceae,Ruminococcus,bromii,0.999577712876968
3ae3e825c5e3862af6c17798e2b40a37,Bacteria,Firmicutes,Clostridia,Clostridiales,Ruminococcaceae,Ruminococcus,,0.9955685464839632
fe98555e63f547c33b3987391cd34d5d,Bacteria,Firmicutes,Clostridia,Clostridiales,,,,0.9992272816868384
465e9cab9abce306c1e0f7459b325c33,Bacteria,Firmicutes,Clostridia,Clostridiales,Ruminococcaceae,Ruminococcus,,0.8714305445607342
fe72a66c85df0ab333e3a37d0332df67,Bacteria,Firmicutes,Clostridia,Clostridiales,Christensenellaceae,,,0.999479312391588
f66effc279917d65747b7c3ef8d62432,Bacteria,Firmicutes,Clostridia,Clostridiales,Ruminococcaceae,,,0.8580177541937296
02ef9a59d6da8b642271166d3ffd1b52,Bacteria,Firmicutes,Clostridia,Clostridiales,Ruminococcaceae,,,0.943111041010581
f023384b8f989d014dd2ead7f10db307,Bacteria,Firmicutes,Clostridia,Clostridiales,Ruminococcaceae,Ruminococcus,callidus,0.8382599296282174
59fefb91cc66ef6930b0201e4bf24cbb,Bacteria,Firmicutes,Clostridia,Clostridiales,Ruminococcaceae,Ruminococcus,flavefaciens,0.9832678191091432
6bf95d9914dc404e98ebff522496533d,Bacteria,Firmicutes,Clostridia,Clostridiales,Ruminococcaceae,,,0.9957254983475884
a841dd7e2f38b26bb7bb37179b4141d5,Bacteria,Firmicutes,Clostridia,Clostridiales,Ruminococcaceae,Ruminococcus,,0.7548447453179854
d5ef913e6aee3067001dc610ac8af1d1,Bacteria,Actinobacteria,Actinobacteria,Actinomycetales,Micrococcaceae,Arthrobacter,,0.9976657934615636
ecbf086d6ccbe5e8c2a69d0afb144662,Bacteria,Actinobacteria,Actinobacteria,Actinomycetales,Micrococcaceae,Arthrobacter,,0.9130663855428364
54fa6da8dff69b9fec4b470312d21eb9,Bacteria,Actinobacteria,Actinobacteria,Actinomycetales,Micrococcaceae,Arthrobacter,,0.9072826138454247
e0a941a7b62e87ae6301bce7185e5f4a,Bacteria,Actinobacteria,Actinobacteria,Actinomycetales,Dermabacteraceae,Dermabacter,,0.9663512085716122
40f13b077d41d6837ca6fae65763cf01,Bacteria,Actinobacteria,Actinobacteria,Actinomycetales,Actinomycetaceae,Actinomyces,,0.9999974882844068
30a88dc67e6a522087c3dfc8019550a6,Bacteria,Actinobacteria,Actinobacteria,Actinomycetales,Micrococcaceae,Rothia,aeria,0.9313647676180612
5042942b77f5b924b8f8c11de37a3626,Bacteria,Actinobacteria,Actinobacteria,Actinomycetales,Micrococcaceae,Rothia,dentocariosa,0.9999378703438654
e8e6b7fc969005938de8ac7ffb94f17c,Bacteria,Actinobacteria,Actinobacteria,Actinomycetales,Micrococcaceae,Rothia,mucilaginosa,0.8927690269802789
1c40ac02c49ea9e03881b0f183373417,Bacteria,Actinobacteria,Actinobacteria,Actinomycetales,Micrococcaceae,Rothia,mucilaginosa,0.9890932483019782
9dd67b89e90b1517d6fc340bb1745e15,Bacteria,Actinobacteria,Actinobacteria,Actinomycetales,Actinomycetaceae,,,0.9999842143200738
3f61c9eee7bfb0326d3efb8da077b0da,Bacteria,Actinobacteria,Actinobacteria,Actinomycetales,Actinomycetaceae,Arcanobacterium,,0.9998322181535314
44543d9c6bb193c64d38c9bdb6790eec,Bacteria,Actinobacteria,Actinobacteria,Actinomycetales,Actinomycetaceae,Actinomyces,,0.8750577053116433
5601f094afc823d75ccb34440645a99e,Bacteria,Actinobacteria,Actinobacteria,Actinomycetales,Actinomycetaceae,Actinomyces,,0.9605329242400406
c66348656c079cbbc916b2c2832f311b,Bacteria,Actinobacteria,Actinobacteria,Actinomycetales,Actinomycetaceae,Varibaculum,,0.999999988373972
d37b36cd780fdec9627c298370571ed5,Bacteria,Actinobacteria,Actinobacteria,Actinomycetales,Actinomycetaceae,Actinomyces,,0.9967161672244228
190dfe815683ee977e120d35b3c83b7e,Bacteria,Firmicutes,Clostridia,Clostridiales,Peptostreptococcaceae,Filifactor,,0.9999999853242232
d3f59bdb915bb43f2ecd96ad9296ae92,Bacteria,Firmicutes,Clostridia,Clostridiales,Peptostreptococcaceae,,,0.999462933582567
e2cbf79a06f1221cf49d1bef8e5db9cd,Bacteria,Firmicutes,Clostridia,Clostridiales,Peptostreptococcaceae,,,0.9998438003923394
e2f6c7b758ac2c0476a7e31787dbba84,Bacteria,Firmicutes,Clostridia,Clostridiales,Peptostreptococcaceae,,,0.9978176306047852
b61a4c5ec96e7276004c81cc845e2fec,Bacteria,Firmicutes,Clostridia,Clostridiales,Peptostreptococcaceae,Proteocatella,sphenisci,0.9996421842371832
50feebeace77894a50a224bf001c3502,Bacteria,Firmicutes,Clostridia,Clostridiales,Lachnospiraceae,Johnsonella,ignava,0.9999931908488452
fc1f49989e78fa71bc6404ff2a148576,Bacteria,Firmicutes,Clostridia,Clostridiales,,,,0.9996521356614868
c57b70d65a63c4bf9f12c179c2416839,Bacteria,Firmicutes,Clostridia,Clostridiales,,,,0.9994054627806672
3a31937521e389cbdf89ca01039e5ec3,Bacteria,Firmicutes,Clostridia,Clostridiales,,,,0.9999426202925252
3111520c8424a2a5bdd46558ae7650e8,Bacteria,Firmicutes,Clostridia,Clostridiales,,,,0.9181455125190292
33176e81f3e7ef2b9de1b783ff1ca33c,Bacteria,Firmicutes,Clostridia,Clostridiales,,,,0.8286979633473376
32875774cffdc8c820f91d8e86f9a0e6,Bacteria,Firmicutes,Clostridia,Clostridiales,Lachnospiraceae,Coprococcus,,0.9988608630198946
052128d7d424728578efe7852b0afd0d,Bacteria,Firmicutes,Clostridia,Clostridiales,Lachnospiraceae,Coprococcus,,0.999014282705014
0b0a240a7ae19f3560d04427d753b603,Bacteria,Firmicutes,Clostridia,Clostridiales,[Acidaminobacteraceae],,,0.9588224523678084
a80183c045cf890899121db3bbcbd39d,Bacteria,Firmicutes,Clostridia,Clostridiales,[Mogibacteriaceae],,,0.9998404920669296
5af6e343611d715985e35e7a3e5671cb,Bacteria,Firmicutes,Clostridia,Clostridiales,[Mogibacteriaceae],,,0.7585739682474612
459244e45f29ce28991de0114a16f9fa,Bacteria,Firmicutes,Clostridia,Clostridiales,[Mogibacteriaceae],Mogibacterium,,0.9999979703620588
12ed71ced0f4e45c0aa5b37144e6f84b,Bacteria,Firmicutes,Clostridia,Clostridiales,[Mogibacteriaceae],Mogibacterium,,0.999999447263388
6d7d9658988c6e2b5e45ea087f1b9155,Bacteria,Firmicutes,Clostridia,Clostridiales,[Mogibacteriaceae],Mogibacterium,,0.9999942035216828
a03aa6a23dc8f296567452ec2242a5fd,Bacteria,Actinobacteria,Coriobacteriia,Coriobacteriales,Coriobacteriaceae,Atopobium,,0.9999991416197936
6de4955c509e8f32f905760cad0beeae,Bacteria,Actinobacteria,Coriobacteriia,Coriobacteriales,Coriobacteriaceae,Atopobium,,0.9997125960740032
e77bac543df42865af751a32a2942fdb,Bacteria,Firmicutes,Clostridia,Clostridiales,Lachnospiraceae,,,0.9768680687141538
30faafef155964edd9db9374f36c45bf,Bacteria,Firmicutes,Clostridia,Clostridiales,Lachnospiraceae,,,0.997655940642563
7f2aa6f3481a4039dcc8d1b8be32beb7,Bacteria,Firmicutes,Clostridia,Clostridiales,Lachnospiraceae,Lachnoanaerobaculum,orale,0.9999759811599824
5546d0fe4a512f96a6d73509a1ec6e55,Bacteria,Firmicutes,Clostridia,Clostridiales,Lachnospiraceae,Moryella,,0.9998966965978888
0dcaf9358eddf685864afb883cdf2363,Bacteria,Firmicutes,Clostridia,Clostridiales,Lachnospiraceae,Moryella,,0.9998493239437592
77a517253ff10afeb78a37bc13d649a0,Bacteria,Firmicutes,Clostridia,Clostridiales,Lachnospiraceae,,,0.989466604495309
9c6b4f83513e63a49ce33a8aeb1813ad,Bacteria,Firmicutes,Clostridia,Clostridiales,Lachnospiraceae,,,0.964771627749768
491ef1635067f62c395bdffd58966092,Bacteria,Firmicutes,Clostridia,Clostridiales,Lachnospiraceae,,,0.7504045554213459
67f9c74eeea5a4609bd1d2fab66ad3cc,Bacteria,Firmicutes,Clostridia,Clostridiales,Lachnospiraceae,Coprococcus,,0.7635517836298551
69e4868406c82bdfd67d2b449ca9f1d8,Bacteria,Firmicutes,Clostridia,Clostridiales,Lachnospiraceae,Catonella,,0.9999999985845278
b815913c61abb4a540babe5c3fae17e7,Bacteria,Firmicutes,Clostridia,Clostridiales,Lachnospiraceae,Blautia,producta,0.9997589732827966
74c2326ccd0bc2bd9e0f23f15b79ea16,Bacteria,Firmicutes,Clostridia,Clostridiales,Lachnospiraceae,Blautia,producta,0.9996334650092942
1e00822422afb942c9955cd450385a8b,Bacteria,Firmicutes,Clostridia,Clostridiales,Lachnospiraceae,Dorea,,0.895713035163111
9f1913b781d2cde1c8a4c57b7dc2ab83,Bacteria,Firmicutes,Clostridia,Clostridiales,Lachnospiraceae,Oribacterium,,0.9993018984821568
2514cdaab96a1a42cf15506f2ecf6439,Bacteria,Firmicutes,Clostridia,Clostridiales,Lachnospiraceae,Oribacterium,,0.9996481799745336
498ae808db957a63e20e836e1bf77f54,Bacteria,Firmicutes,Clostridia,Clostridiales,Lachnospiraceae,Oribacterium,,0.9991700099934648
5decdad9c550489629ce441d32a69a1c,Bacteria,Firmicutes,Clostridia,Clostridiales,Lachnospiraceae,Blautia,producta,0.9558362738133864
bb370945a6777f712cfd963c55f2ff54,Bacteria,Firmicutes,Clostridia,Clostridiales,Lachnospiraceae,Blautia,obeum,0.9990566640299132
5437cb1c86c72638cbbc12896f88d1b1,Bacteria,Firmicutes,Clostridia,Clostridiales,Lachnospiraceae,Ruminococcus,lactaris,0.9820458969487338
dd9d9aad1de9345686f5cc614c5616db,Bacteria,Firmicutes,Clostridia,Clostridiales,Lachnospiraceae,Blautia,,0.9670073167556568
04fd81a94c775a5906f2d92cf0548e4d,Bacteria,Firmicutes,Clostridia,Clostridiales,Lachnospiraceae,Oribacterium,,0.9995764571832396
393e6e2cbe258ed27a4ca0a2ee0d2cdc,Bacteria,Firmicutes,Clostridia,Clostridiales,Lachnospiraceae,Blautia,,0.9965485106324348
2ce0fa88ec7cfdda2eeb0698cdad47e8,Bacteria,Firmicutes,Clostridia,Clostridiales,Lachnospiraceae,Dorea,,0.9446309030140122
6b4a0a64da52980e7a1b1a770978bb88,Bacteria,Firmicutes,Clostridia,Clostridiales,Lachnospiraceae,Blautia,,0.9848758644481458
55937e5781c91185e27a91216008e4ca,Bacteria,Firmicutes,Clostridia,Clostridiales,Lachnospiraceae,,,0.8220250389605581
54b4964000ad1631e547c46a828ed1a0,Bacteria,Firmicutes,Clostridia,Clostridiales,Lachnospiraceae,,,0.8280990072104134
a4c08e2c3a34038ea877b16d01736837,Bacteria,Firmicutes,Clostridia,Clostridiales,Lachnospiraceae,Clostridium,clostridioforme,0.9937531491387118
3add7df323955b22d1cea664ef38165d,Bacteria,Firmicutes,Clostridia,Clostridiales,Lachnospiraceae,,,0.9621667017815247
ed950935b660fb10449d5f229dc13fb9,Bacteria,Firmicutes,Clostridia,Clostridiales,Lachnospiraceae,,,0.8541197055876772
3b65e1db6742cc44493248fff266f564,Bacteria,Firmicutes,Clostridia,Clostridiales,Lachnospiraceae,,,0.9845859812892208
ae881162d813e498f40bf33b8e42d54a,Bacteria,Firmicutes,Clostridia,Clostridiales,Lachnospiraceae,Dorea,longicatena,0.7364396564540229
868a4fe285b85fa1b8eb40071d5397be,Bacteria,Firmicutes,Clostridia,Clostridiales,Lachnospiraceae,Clostridium,lavalense,0.9869616309556726
51b573b10d63a2cbe455deeef5bae002,Bacteria,Firmicutes,Clostridia,Clostridiales,Lachnospiraceae,,,0.9619617774503983
831514b8b3617bed49e2a4bd9d3d6268,Bacteria,Firmicutes,Clostridia,Clostridiales,Lachnospiraceae,Blautia,,0.9006068942640013
b00d44992702bd3743d7f353638d42f9,Bacteria,Firmicutes,Clostridia,Clostridiales,Lachnospiraceae,Clostridium,,0.999718659424818
919764896275058362e55f0849d2b38b,Bacteria,Firmicutes,Clostridia,Clostridiales,Lachnospiraceae,,,0.995573405097276
26f1b1ff96f049f0e354df4c3d85efb0,Bacteria,Firmicutes,Clostridia,Clostridiales,Lachnospiraceae,Clostridium,,0.8482937606894879
fb4f7d9d3f91ac2f22a542fbd13019c1,Bacteria,Firmicutes,Clostridia,Clostridiales,Lachnospiraceae,Oribacterium,,0.7496031538937342
91d0b3b7c0329b9a164b6e04a181f1d6,Bacteria,Firmicutes,Clostridia,Clostridiales,Lachnospiraceae,,,0.9886251120133352
5df503c1ddf8f3f4ac9e49e983e3d7fd,Bacteria,Firmicutes,Clostridia,Clostridiales,Lachnospiraceae,,,0.7157499721041584
02878fe3ccc81d4c884ca5574178d6a0,Bacteria,Firmicutes,Clostridia,Clostridiales,Lachnospiraceae,,,0.7900912255025628
f91c81859bf6eede55eef9c915dd8bab,Bacteria,Firmicutes,Clostridia,Clostridiales,Lachnospiraceae,,,0.9980466520811128
ff3df50eea7490dd794148649c480fd3,Bacteria,Firmicutes,Clostridia,Clostridiales,Lachnospiraceae,,,0.9920784845654512
99f9d85c50cec960adab2a3f0f401371,Bacteria,Firmicutes,Clostridia,Clostridiales,Lachnospiraceae,,,0.9828604939731596
c04b03fdea7f81c8c52fc540c50a24a4,Bacteria,Firmicutes,Clostridia,Clostridiales,Lachnospiraceae,Blautia,,0.9972779941800404
3597a2689efaf5525ce460494a8ac383,Bacteria,Firmicutes,Clostridia,Clostridiales,Lachnospiraceae,,,0.9954388844987456
8163d49042bbad8871a7aab8527c9a97,Bacteria,Firmicutes,Clostridia,Clostridiales,Lachnospiraceae,Dorea,formicigenerans,0.9987389533188228
5c541619c0a084c6609e071895d9de55,Bacteria,Firmicutes,Clostridia,Clostridiales,Lachnospiraceae,,,0.992411195285298
124e839582c0a3329101182cb28619a8,Bacteria,Firmicutes,Clostridia,Clostridiales,Lachnospiraceae,,,0.951135775205118
f908d554fc6eeb9fef7a7028fa791475,Bacteria,Firmicutes,Clostridia,Clostridiales,Lachnospiraceae,,,0.7504195459216854
f9c63350a2cdcada4a0be946f4e0025a,Bacteria,Firmicutes,Clostridia,Clostridiales,Lachnospiraceae,,,0.9907000604550196
d51cd90e95b57acb614698dc580759fb,Bacteria,Firmicutes,Clostridia,Clostridiales,Lachnospiraceae,Clostridium,symbiosum,0.999239008530451
136e9f5aa470119165e59d202fdb318c,Bacteria,Firmicutes,Clostridia,Clostridiales,Lachnospiraceae,,,0.9933537477009134
d3e265209c342d15d93a910e38ad9be2,Bacteria,Firmicutes,Clostridia,Clostridiales,Lachnospiraceae,,,0.9599793515851373
66a605fcdaa020dbdd6136f241ea79d9,Bacteria,Firmicutes,Clostridia,Clostridiales,Lachnospiraceae,,,0.989866499367414
b383ade799e9c83c649cec37705a251d,Bacteria,Firmicutes,Clostridia,Clostridiales,Lachnospiraceae,,,0.9875511623969692
41fedaa9200e2933821f84ecdc0b0772,Bacteria,Firmicutes,Clostridia,Clostridiales,Lachnospiraceae,Blautia,,0.99987229846345
f32674aec6d3fa6a7aa2323cb35699fc,Bacteria,Firmicutes,Clostridia,Clostridiales,Lachnospiraceae,Blautia,,0.8789495494054294
3677e15d86603bf0a6bb50f8b010afe7,Bacteria,Firmicutes,Clostridia,Clostridiales,Lachnospiraceae,Clostridium,hathewayi,0.9985114160995656
2e55763e77234a7bfc3a311067a0c7e1,Bacteria,Firmicutes,Clostridia,Clostridiales,Lachnospiraceae,,,0.8812793570756104
823698689031b0b9c2c5152f92ffc70f,Bacteria,Firmicutes,Clostridia,Clostridiales,Lachnospiraceae,,,0.8294125164185214
edacf632dcadc21c328669befafe2af6,Bacteria,Firmicutes,Clostridia,Clostridiales,Lachnospiraceae,Coprococcus,catus,0.9997468998102608
48a6cea7eaf29dcb52dc2985933f4249,Bacteria,Firmicutes,Clostridia,Clostridiales,Lachnospiraceae,Coprococcus,,0.8333643628439601
f95cdb71258ef6cc222c673ea4546caf,Bacteria,Firmicutes,Clostridia,Clostridiales,Lachnospiraceae,Coprococcus,,0.904684159506732
956d0a6f5a8e1d2fbb39df909cc14894,Bacteria,Firmicutes,Clostridia,Clostridiales,Lachnospiraceae,Coprococcus,,0.7570480232547142
cbb7ea319a7633cf0917c6e5cde0e923,Bacteria,Firmicutes,Clostridia,Clostridiales,Lachnospiraceae,,,0.8078016636207281
90b16eca6a6edc00f49dfb5f72be8b61,Bacteria,Firmicutes,Clostridia,Clostridiales,[Tissierellaceae],Peptoniphilus,,0.9999958120369868
81e706ae981fcbfceea2ac547fdd7f26,Bacteria,Firmicutes,Clostridia,Clostridiales,[Mogibacteriaceae],,,0.9966132211949116
8f0a7d866b4e5ebf1e34d0a44eb950a4,Bacteria,Firmicutes,Clostridia,Clostridiales,Ruminococcaceae,Ruminococcus,,0.901221124952426
2b427cf77172293239bc1c1cdb32ace4,Bacteria,Actinobacteria,Thermoleophilia,Solirubrobacterales,,,,0.9999299110533983
e3d37109be4a17d8437f6fcb6072982d,Bacteria,Firmicutes,Clostridia,Clostridiales,[Mogibacteriaceae],,,0.9949973847343092
47fe572ed6a6b1d5f4a60a3884ec72e1,Bacteria,Firmicutes,Bacilli,Bacillales,Paenibacillaceae,,,0.9835447691987044
80b9cf8b7fde7d45e0bc84a9cf9ddd56,Bacteria,Firmicutes,Bacilli,Bacillales,Bacillaceae,,,0.9856990362517186
20fb19136419ba2826c941aa152fa0eb,Bacteria,Firmicutes,Bacilli,Bacillales,Alicyclobacillaceae,Alicyclobacillus,,0.999998711178896
0effb4592c11dcdd619141df770563e1,Bacteria,Actinobacteria,Thermoleophilia,Gaiellales,Gaiellaceae,Gaiella,occulta,0.9776966383478262
93a769a6b67e5f358eb9ad0e03c53ec3,Bacteria,Firmicutes,Clostridia,Clostridiales,[Tissierellaceae],,,0.9996574407524144
502b6544978890cda2ece2d14bfdba01,Bacteria,Firmicutes,Clostridia,Clostridiales,,,,0.8583073351476109
42872dc875fef6070dfa78984184c096,Bacteria,Firmicutes,Clostridia,Clostridiales,[Mogibacteriaceae],,,0.9999947635467205
ce1d8d111ba2aaec28d68a04e483bf3f,Bacteria,Firmicutes,Clostridia,Clostridiales,[Mogibacteriaceae],,,0.9999811944182128
bc15061b61cf6b5002c58284591f97d4,Bacteria,Firmicutes,Clostridia,Clostridiales,[Mogibacteriaceae],,,0.9998404528848736
167baae5fe04a754df7eb073c07adaa7,Bacteria,Firmicutes,Clostridia,Clostridiales,Lachnospiraceae,Blautia,,0.9836865637813524
e03d5567ab978eb82490f359c51912b1,Bacteria,Firmicutes,Clostridia,Clostridiales,[Tissierellaceae],Peptoniphilus,,0.9999695561477542
b387961d274808e3ffed8c1594f4cd1c,Bacteria,Actinobacteria,Acidimicrobiia,Acidimicrobiales,,,,0.9999131362964296
9f816758294dec368624eabd3595ec6f,Bacteria,Firmicutes,Clostridia,Clostridiales,,,,0.9973194010569524
101968ec709b68fcd964a68ff226dcd1,Bacteria,Synergistetes,Synergistia,Synergistales,Dethiosulfovibrionaceae,TG5,,0.9999999772691696
51588a76b68ff3041e8b272256df5ae2,Bacteria,Synergistetes,Synergistia,Synergistales,Dethiosulfovibrionaceae,TG5,,0.9999999969090538
34f493c9b3b75210406fecac2dba0f22,Bacteria,Firmicutes,Clostridia,Clostridiales,Christensenellaceae,,,0.998153756107296
aa24dbd408e5d69c6b0d62846145a244,Bacteria,Firmicutes,Clostridia,Clostridiales,[Tissierellaceae],Peptoniphilus,,0.9999993055936892
a70441600c181b747a763ce5a7414a3f,Bacteria,Firmicutes,Clostridia,Clostridiales,[Tissierellaceae],Peptoniphilus,,0.99999967415874
5ce3a51e54f30fa53b1e56dc64d11340,Bacteria,Firmicutes,Clostridia,Clostridiales,,,,0.9508553038554032
9590aed21545774c71a124f2b5200691,Bacteria,Firmicutes,Clostridia,Clostridiales,[Tissierellaceae],ph2,,0.999999843417468
7fee9350277038eef98dee70b4190563,Bacteria,Firmicutes,Clostridia,Clostridiales,,,,0.9999999966146697
1c7d1f74c2c43b872972f974eb196915,Bacteria,Firmicutes,Clostridia,Clostridiales,Clostridiaceae,Clostridium,hiranonis,0.9924997813550712
0741ae033054073fece98b9948ec4387,Bacteria,Firmicutes,Clostridia,Clostridiales,,,,0.9999999980265106
6ffdeb862aed8aedda8a8624fa960c57,Bacteria,Firmicutes,Clostridia,Clostridiales,Peptostreptococcaceae,Peptostreptococcus,,0.9987250518216972
ad41fe8f8be5b01c96549309937e3b14,Bacteria,Firmicutes,Clostridia,Clostridiales,[Tissierellaceae],Peptoniphilus,,0.999999999566768
1ea96d595539133266a3dbd49daac1e4,Bacteria,Firmicutes,Clostridia,Clostridiales,[Tissierellaceae],Peptoniphilus,,0.99999999943293
37c7d17f9e371c1e11a0e22b1ce15ab0,Bacteria,Firmicutes,Clostridia,Clostridiales,[Tissierellaceae],Peptoniphilus,,0.9999999452815176
fc8f87209db793f740eea731e64f0b2a,Bacteria,Actinobacteria,Thermoleophilia,Gaiellales,Gaiellaceae,,,0.9984909714158866
95b94ac4c1c3e18210f501268e56e50e,Bacteria,Actinobacteria,Actinobacteria,Actinomycetales,Brevibacteriaceae,Brevibacterium,,0.9989836564787892
4ea8ed64f727e17c2ecf3616119876eb,Bacteria,Actinobacteria,Actinobacteria,Actinomycetales,Mycobacteriaceae,Mycobacterium,vaccae,0.8183145013413736
7ee56e891d069e18c3c8eb866924a26c,Bacteria,Actinobacteria,Actinobacteria,Actinomycetales,Nocardioidaceae,Aeromicrobium,,0.9983271565398558
1830c14ead81ad012f1db0e12f8ab6a4,Bacteria,TM7,TM7-3,,,,,0.9986270427103964
4fdf8dcd9451f5742982d716fa9f0536,Bacteria,Proteobacteria,Betaproteobacteria,Burkholderiales,Burkholderiaceae,Lautropia,,0.9873860358115736
ab4ef4399912b0507d8d1187e874684d,Bacteria,Proteobacteria,Betaproteobacteria,Neisseriales,Neisseriaceae,Neisseria,subflava,0.7553943895448912
f78c2a4fb584f61fc0fbd75c2cc22a99,Bacteria,Proteobacteria,Betaproteobacteria,Burkholderiales,Comamonadaceae,Variovorax,,0.7794392360622018
39b5567d2d979a9172c02435a5ede59d,Bacteria,Proteobacteria,Betaproteobacteria,Burkholderiales,Comamonadaceae,,,0.8897247183012079
01b99cb344ed2530f7d80897ffe257a9,Bacteria,Proteobacteria,Betaproteobacteria,Burkholderiales,Comamonadaceae,Acidovorax,,0.7779641429107258
b1413b635612c7db2c140bc671789ec7,Bacteria,Proteobacteria,Betaproteobacteria,Burkholderiales,Comamonadaceae,Polaromonas,,0.7508422643745499
c1dedbc2ee20ed310022b9a1976d56c4,Bacteria,Proteobacteria,Betaproteobacteria,Burkholderiales,Comamonadaceae,Pelomonas,,0.856534475822946
4cecaa1cfabe89a905940ae23dd94a64,Bacteria,Proteobacteria,Betaproteobacteria,Burkholderiales,Comamonadaceae,,,0.9435523777287506
e22afe3cb91239d19aeb01ba79015173,Bacteria,Proteobacteria,Betaproteobacteria,Burkholderiales,Comamonadaceae,,,0.9563924251774976
d1c7ee5172f16dda522e46aaa4e5fa79,Bacteria,Proteobacteria,Betaproteobacteria,Burkholderiales,Comamonadaceae,Variovorax,paradoxus,0.7758604936407059
5e76bbf2de9c36c591f8aab3784ffd1b,Bacteria,Proteobacteria,Betaproteobacteria,Burkholderiales,Alcaligenaceae,,,0.9999940388145466
9548347b69043c274ff7a1ce599a69ef,Bacteria,Proteobacteria,Betaproteobacteria,Burkholderiales,,,,0.9978623964984464
3bf2fc236887eda11c969b84d30f9fbf,Bacteria,Proteobacteria,Betaproteobacteria,Burkholderiales,Comamonadaceae,,,0.9598437695443728
7456c5136c45202afcf8000e2a8a01c5,Bacteria,Proteobacteria,Betaproteobacteria,Burkholderiales,Comamonadaceae,Hydrogenophaga,,0.8188276505861528
480b52afa972e6deb75357ec39db1998,Bacteria,Proteobacteria,Betaproteobacteria,Burkholderiales,Alcaligenaceae,Pusillimonas,,0.966693960208754
5e793ed595a0793ab477b17e78421bc5,Bacteria,Proteobacteria,Betaproteobacteria,Burkholderiales,Comamonadaceae,,,0.9992952068476484
3253177a44672689e4e154e842d63e35,Bacteria,Proteobacteria,Betaproteobacteria,Burkholderiales,Oxalobacteraceae,Janthinobacterium,,0.9700657405845712
4075a90811bf9c19f02f5aa2ece6da37,Bacteria,Proteobacteria,Betaproteobacteria,Burkholderiales,Oxalobacteraceae,Janthinobacterium,lividum,0.9345893752750488
3a1c2d5547ddb7f76306a042f8bef6a4,Bacteria,Proteobacteria,Betaproteobacteria,Burkholderiales,Oxalobacteraceae,,,0.9999869696031328
2cec2792e54f61e12e1a0b2507826118,Bacteria,Proteobacteria,Betaproteobacteria,Burkholderiales,Oxalobacteraceae,,,0.9999590661272034
47be834b0f9232d552e00a36fb3c626b,Bacteria,Proteobacteria,Betaproteobacteria,Burkholderiales,Alcaligenaceae,,,0.9999998469581888
3b0e180ea70b1a946a6214eacb539c97,Bacteria,Proteobacteria,Betaproteobacteria,Burkholderiales,Alcaligenaceae,Alcaligenes,faecalis,0.9861500458442256
4b13979d719e78a50cb0eac34d72dec1,Bacteria,Proteobacteria,Betaproteobacteria,Burkholderiales,Comamonadaceae,Methylibium,,0.7639379513679834
3ef461f213bfc675ddf0b1bfeef2dc52,Bacteria,Proteobacteria,Betaproteobacteria,Burkholderiales,,,,0.971651090272792
251eb140eb9387372897c5f7db6f954c,Bacteria,Proteobacteria,Betaproteobacteria,Neisseriales,Neisseriaceae,,,0.9999968002392056
0e5df3d01cc073e3c9674c2534169f03,Bacteria,Firmicutes,Clostridia,Clostridiales,[Acidaminobacteraceae],Fusibacter,,0.911806351710196
68c05655a58355526692d3a1f0968aff,Bacteria,Actinobacteria,Actinobacteria,Actinomycetales,Microbacteriaceae,Salinibacterium,,0.7222994430157574
5cb28bd0b2eea6847a6328712217c141,Bacteria,Actinobacteria,Actinobacteria,Actinomycetales,Nocardiaceae,Rhodococcus,,0.999736569008002
b685f8246fb6fad0fd91574c444b8f51,Bacteria,Actinobacteria,Actinobacteria,Actinomycetales,Corynebacteriaceae,Corynebacterium,,0.9970692600483142
ed75725613954c459019eec50b431f9f,Bacteria,Actinobacteria,Actinobacteria,Actinomycetales,Corynebacteriaceae,Corynebacterium,,0.746807213942815
2f09559bc1ffcc3ea06ae2766194920b,Bacteria,Actinobacteria,Actinobacteria,Actinomycetales,Nakamurellaceae,,,0.9773546221837086
ab402c6b9fa511b0aa2f968cddc364eb,Bacteria,Actinobacteria,Actinobacteria,Actinomycetales,,,,0.994308430401652
6fea6a26dbc4de9558be63f26f07f7fa,Bacteria,Actinobacteria,Actinobacteria,Actinomycetales,Kineosporiaceae,Kineococcus,,0.999939079005322
2de266b1ffa8e9ec6383c98096caf8f0,Bacteria,Actinobacteria,Actinobacteria,Actinomycetales,Microbacteriaceae,,,0.9963830621680568
d30b3fb9c1dc7d9f0d4bd6ce8e975238,Bacteria,Actinobacteria,Actinobacteria,Actinomycetales,Microbacteriaceae,,,0.999941748927942
f306a3c555687b1dc2c61372504fbbea,Bacteria,Actinobacteria,Actinobacteria,Actinomycetales,Microbacteriaceae,Frigoribacterium,,0.8886108547118856
bfbf3b84b315e741c4345ebb43e2b9cc,Bacteria,Actinobacteria,Actinobacteria,Actinomycetales,Geodermatophilaceae,Blastococcus,aggregatus,0.912834542437448
e7a3af060bcc6686986ddfdf5536fac8,Bacteria,Actinobacteria,Actinobacteria,Actinomycetales,Corynebacteriaceae,Corynebacterium,durum,0.999641238400328
e581d288eadb8d4527694b6fe7aa5df4,Bacteria,Actinobacteria,Actinobacteria,Bifidobacteriales,Bifidobacteriaceae,Scardovia,,0.999999395870899
fe30ff0f71a38a39cf1717ec2be3a2fc,Bacteria,Proteobacteria,Betaproteobacteria,Neisseriales,Neisseriaceae,Neisseria,,0.982862845080784
685ea779ee012329ec2a171f1823f8a8,Bacteria,Proteobacteria,Betaproteobacteria,Neisseriales,Neisseriaceae,Kingella,,0.9999402408429022
07b2b1c3771f46d82c90b20a79fb3d04,Bacteria,Proteobacteria,Betaproteobacteria,Neisseriales,Neisseriaceae,Kingella,,0.938978342667422
41735c13fb7f63db49b10fba5d959ce3,Bacteria,Proteobacteria,Betaproteobacteria,Neisseriales,Neisseriaceae,Neisseria,,0.993640925704272
4132561a08d25757e4bee9f73ec4a70a,Bacteria,Proteobacteria,Betaproteobacteria,Neisseriales,Neisseriaceae,Neisseria,oralis,0.8701987978241349
903752a32299a5fac9505d192dc16466,Bacteria,Proteobacteria,Betaproteobacteria,Neisseriales,Neisseriaceae,Neisseria,,0.9766803560566104
f99678fdc17d27a97c79faac3f2980a4,Bacteria,Proteobacteria,Betaproteobacteria,Neisseriales,Neisseriaceae,Conchiformibius,,0.9995177161347498
f094a383692eb30761eb3d5c93240236,Bacteria,Proteobacteria,Betaproteobacteria,Neisseriales,Neisseriaceae,Conchiformibius,,0.9823002785698416
b428acd97e6af974db1b053a2bc2b5c8,Bacteria,Proteobacteria,Betaproteobacteria,Burkholderiales,Comamonadaceae,,,0.9434016576629372
a54095a893fd5abc045d162bbe20644a,Bacteria,Proteobacteria,Betaproteobacteria,Burkholderiales,Comamonadaceae,,,0.9692963884050496
538c01338d48c71522ac629b17a01c9d,Bacteria,Proteobacteria,Betaproteobacteria,Burkholderiales,Comamonadaceae,Tepidimonas,,0.9684043497715666
af12fc27ee17864717830cafd06453cd,Bacteria,Proteobacteria,Betaproteobacteria,Burkholderiales,Oxalobacteraceae,Oxalobacter,formigenes,0.9119029185351328
4516f28133b919f8d8039ece23d8dd2e,Bacteria,Proteobacteria,Betaproteobacteria,,,,,0.9999766147606232
8c12a12aedcd680ab7e259bfd627ff9a,Bacteria,Proteobacteria,Betaproteobacteria,Neisseriales,Neisseriaceae,Vogesella,,0.9993076524724652
41c686088d124f17c99dcf9bf3acf9d5,Bacteria,Proteobacteria,Betaproteobacteria,Methylophilales,Methylophilaceae,Methylotenera,mobilis,0.9930943923609492
f352c1f1efecf483511c2270aabd0ae6,Bacteria,Proteobacteria,Betaproteobacteria,Burkholderiales,Comamonadaceae,,,0.9879956382116388
e3f051168532c89bf76e329c715c35f5,Bacteria,Proteobacteria,Betaproteobacteria,Rhodocyclales,Rhodocyclaceae,Petrobacter,succinatimandens,0.9366697968009576
44f993a57b632b8fde0c34ed075e1d66,Bacteria,Proteobacteria,Betaproteobacteria,Burkholderiales,Alcaligenaceae,Oligella,,0.9999999085592932
43e4b46e2ba2455e3974874722cbd75a,Bacteria,Proteobacteria,Betaproteobacteria,Neisseriales,Neisseriaceae,,,0.9997736076800524
5d4a0085030ee808369a8f29be41e0d2,Bacteria,Firmicutes,Clostridia,Clostridiales,Lachnospiraceae,Epulopiscium,,0.9999900659110528
da247df6fe91b74bf38d3ecc1c05b4b0,Bacteria,Actinobacteria,Actinobacteria,Actinomycetales,Micrococcaceae,Micrococcus,,0.9955744897477244
a049763053c277b16c2a318f41eb23b4,Bacteria,Actinobacteria,Actinobacteria,Actinomycetales,Corynebacteriaceae,Corynebacterium,,0.9942388379586125
e7e23553bcb3b809fe953ff90c99da54,Bacteria,Actinobacteria,Actinobacteria,Actinomycetales,Williamsiaceae,Williamsia,,0.9998434637976834
d45006a487d94665893aa9e759be4c97,Bacteria,Actinobacteria,Actinobacteria,Actinomycetales,Corynebacteriaceae,Corynebacterium,kroppenstedtii,0.9999989223962852
03178a409a41853ea09a94055e138e19,Bacteria,Actinobacteria,Actinobacteria,Actinomycetales,Corynebacteriaceae,Corynebacterium,kroppenstedtii,0.9999998727293128
500d6b485cef4c52aad211d6d6e6dbc7,Bacteria,Actinobacteria,Actinobacteria,Actinomycetales,Corynebacteriaceae,Corynebacterium,stationis,0.8578648133497396
4ea5683e2c2a183c11c45dc8fbd0c67c,Bacteria,Actinobacteria,Actinobacteria,Actinomycetales,Corynebacteriaceae,Corynebacterium,variabile,0.9030346482640071
db793caa585e078770021a7979ae8ea2,Bacteria,Actinobacteria,Actinobacteria,Actinomycetales,Corynebacteriaceae,Corynebacterium,,0.9998998055458556
8659c05e82a2d1399cbc3fd26ab938e4,Bacteria,Actinobacteria,Actinobacteria,Actinomycetales,Corynebacteriaceae,Corynebacterium,,0.8480738008072798
10710d3d706451c3536228e4b7d146db,Bacteria,Actinobacteria,Actinobacteria,Actinomycetales,Corynebacteriaceae,Corynebacterium,,0.9902617533312016
8da02c7114ba0d9ee40312926e037a8f,Bacteria,Actinobacteria,Actinobacteria,Actinomycetales,Corynebacteriaceae,Corynebacterium,,0.9978006933641784
b2866fdca13681232057e3e85a1978cf,Bacteria,Actinobacteria,Actinobacteria,Actinomycetales,Corynebacteriaceae,Corynebacterium,,0.9986774190201928
6b82e6cb771d45d6c925405b66299d7f,Bacteria,Actinobacteria,Actinobacteria,Actinomycetales,Corynebacteriaceae,Corynebacterium,,0.9979881798688004
79dcabe7f92f8cf2723b796dcd2f239f,Bacteria,Actinobacteria,Actinobacteria,Actinomycetales,Corynebacteriaceae,Corynebacterium,,0.9661648302638148
50e96bbd1a8267119529843a1acb43a5,Bacteria,Actinobacteria,Actinobacteria,Actinomycetales,Nocardiaceae,Rhodococcus,fascians,0.997742724277872
7e598ad34909a3fb8ff1623f1ede11a6,Bacteria,Actinobacteria,Actinobacteria,Actinomycetales,Corynebacteriaceae,Corynebacterium,,0.9999797280515816
469e4ff2129066178b74b112829fc03c,Bacteria,Actinobacteria,Actinobacteria,Actinomycetales,Corynebacteriaceae,Corynebacterium,,0.8868468472523621
1c0a00b159b2154357cc9bc7499c58b2,Bacteria,Actinobacteria,Actinobacteria,Actinomycetales,Pseudonocardiaceae,Actinomycetospora,,0.9906982218761448
126d3c82f184c4d9058cab124f287968,Bacteria,Actinobacteria,Actinobacteria,Actinomycetales,Intrasporangiaceae,,,0.9999886386112766
cee164362eb3296a3d29e33f7b479d2e,Bacteria,Actinobacteria,Actinobacteria,Actinomycetales,Nocardioidaceae,Marmoricola,,0.965268597721368
8406abe6d9a72018bf32d189d1340472,Bacteria,Actinobacteria,Actinobacteria,Actinomycetales,Nocardioidaceae,,,0.9998014443277224
e54bcf1c8ec24811e7c355b8d82fa59e,Bacteria,Actinobacteria,Actinobacteria,Actinomycetales,Nocardioidaceae,Nocardioides,,0.9802015626294096
53dd9f9a89854c8ebdcfb105b7a26df1,Bacteria,Actinobacteria,Actinobacteria,Actinomycetales,Nocardioidaceae,,,0.9985882050595976
5202077471c942e678df50a8e4c706d6,Bacteria,Actinobacteria,Actinobacteria,Actinomycetales,Actinomycetaceae,Actinomyces,,0.8166329133001784
58946a0b64aa351fd8e7b97d02d6639d,Bacteria,Actinobacteria,Actinobacteria,Actinomycetales,Actinomycetaceae,Actinomyces,,0.965169507622894
328cf8ca7cded30705336cf036a2df45,Bacteria,Actinobacteria,Actinobacteria,Actinomycetales,Corynebacteriaceae,Corynebacterium,,0.9949994311206358
c88977d348c943b60eea8f1571e9a7ee,Bacteria,Actinobacteria,Actinobacteria,Actinomycetales,Corynebacteriaceae,Corynebacterium,,0.9510112011362918
88b4862756df007aa0c6bc2ba049708b,Bacteria,Actinobacteria,Actinobacteria,Actinomycetales,Corynebacteriaceae,Corynebacterium,,0.9615424460932877
4c4606a3dbb4f5b8bb1ad1db6dfc5617,Bacteria,Actinobacteria,Actinobacteria,Actinomycetales,Propionibacteriaceae,Propionibacterium,acnes,0.9192209111588118
699071a4a7ce68918e4cd93a61275ecd,Bacteria,Firmicutes,Bacilli,Lactobacillales,Streptococcaceae,Streptococcus,,0.9496135588639452
c18826df5af5da174f580164c805a38a,Bacteria,Firmicutes,Bacilli,Lactobacillales,Streptococcaceae,Streptococcus,anginosus,0.9876697948026674
72cbf125e17c4e14d748543564d3d4ec,Bacteria,Firmicutes,Bacilli,Lactobacillales,Streptococcaceae,Streptococcus,,0.999996685977258
d29fe3c70564fc0f69f2c03e0d1e5561,Bacteria,Firmicutes,Bacilli,Lactobacillales,Streptococcaceae,Streptococcus,,0.9999999997604924
3f448350064694e647b284259bdebb91,Bacteria,Firmicutes,Bacilli,Lactobacillales,Streptococcaceae,Streptococcus,,0.8728386300235487
9af77e369d2ba4b3bb6e0e808ed84d91,Bacteria,Firmicutes,Bacilli,Lactobacillales,Streptococcaceae,Streptococcus,,0.9658517694429736
111311cc108c483f3782c9214681ed19,Bacteria,Firmicutes,Bacilli,Lactobacillales,Streptococcaceae,Streptococcus,agalactiae,0.9213589144257782
d8f7f446987e67092b6256c10b1ee69e,Bacteria,Firmicutes,Bacilli,Lactobacillales,Streptococcaceae,Streptococcus,luteciae,0.9709713591226102
7595e123b71bdae8a8c1c28b7405a5c0,Bacteria,Firmicutes,Bacilli,Lactobacillales,Streptococcaceae,Streptococcus,,0.8369013750406301
b1e686a5c5f127a8b92de2863503a9e5,Bacteria,Firmicutes,Bacilli,Lactobacillales,Streptococcaceae,Streptococcus,,0.9746731415919564
b44621e5c80607cdfacbf7a81e1cbe41,Bacteria,Firmicutes,Bacilli,Lactobacillales,Streptococcaceae,Streptococcus,,0.9999014710048332
25087bd679769914988fc1e7c6d045ff,Bacteria,Firmicutes,Bacilli,Lactobacillales,Streptococcaceae,Lactococcus,,0.9999983332225036
636c27859c1ac0a7994ca8ed145d03fe,Bacteria,Firmicutes,Bacilli,Lactobacillales,Streptococcaceae,Lactococcus,,0.999999794709474
b59d5976acdb148c29f724d6b7990410,Bacteria,SR1,,,,,,0.9999999992478052
47fb251b4679084fee2dafef11c6bc4f,Bacteria,SR1,,,,,,0.9999999541159222
14374c3f2fe75bb158b439ebe4a4ee87,Bacteria,Chloroflexi,Anaerolineae,Caldilineales,Caldilineaceae,Caldilinea,,0.9997375306485772
cba5f5b1153235425628bd77a28257c7,Bacteria,Firmicutes,Clostridia,Clostridiales,Clostridiaceae,Clostridium,,0.9833419112703972
c4f955168102011d272b685aa772c10a,Bacteria,Firmicutes,Bacilli,Lactobacillales,Aerococcaceae,Alloiococcus,,0.9999999123228672
21b849f15da11a7cc5122773552e0fef,Bacteria,Chloroflexi,Ellin6529,,,,,0.9999999934851616
694caec8dad781d338acf4a5b69c3058,Bacteria,Firmicutes,Erysipelotrichi,Erysipelotrichales,Erysipelotrichaceae,,,0.9972838022944868
14d168c89e381de6fc3091837a557e48,Bacteria,Firmicutes,Bacilli,Bacillales,Bacillaceae,Bacillus,,0.9706783388881204
24443b70088636edf08f0c9572d7faf4,Bacteria,Firmicutes,Bacilli,Gemellales,,,,0.7550662821047499
cb2fe0146e2fbcb101050edb996a0ee2,Bacteria,Firmicutes,Bacilli,,,,,0.999999879805572
059408ca99f1001f64e6df1e06fb951d,Bacteria,Firmicutes,Clostridia,Clostridiales,Clostridiaceae,Sarcina,,0.9891357196970144
73291cac0e802b6a1fb25ae7079390ef,Bacteria,Firmicutes,Clostridia,Clostridiales,Ruminococcaceae,,,0.7253796922421895
895453b352ae060e0ec5f7721547a3d1,Bacteria,Firmicutes,Clostridia,Clostridiales,,,,0.9972652155998178
21a0198d0a83a8f3ec0e401067138940,Bacteria,Firmicutes,Clostridia,Clostridiales,Ruminococcaceae,Oscillospira,,0.9892183377532532
1e1e0cca52fab68a8c7ba5256aeadd6d,Bacteria,Firmicutes,Clostridia,Clostridiales,Ruminococcaceae,Oscillospira,,0.99326106683742
f4eefbd4edf2a372131825289fffcca6,Bacteria,Firmicutes,Clostridia,Clostridiales,Ruminococcaceae,Oscillospira,,0.9972471335852012
29a92aecac56c855cbfc0debf9bda0c8,Bacteria,Firmicutes,Clostridia,Clostridiales,Ruminococcaceae,Oscillospira,,0.998204473638388
1d17561d16d803f652b0d6bdd671c1cc,Bacteria,Firmicutes,Clostridia,Clostridiales,Ruminococcaceae,Oscillospira,,0.9980596680340154
e73fc2655e1cca4a2b1c419da3630c72,Bacteria,Firmicutes,Bacilli,Lactobacillales,Lactobacillaceae,Lactobacillus,,0.9957925674139542
3d3566af17e7e52ae5413956d004e657,Bacteria,Firmicutes,Bacilli,Lactobacillales,Aerococcaceae,Facklamia,,0.9773074692812956
8bcc747f27b10bb3e1182fe530c7ed24,Bacteria,Firmicutes,Clostridia,Clostridiales,Veillonellaceae,Megasphaera,,0.9999927188034028
b29143b255f4b97da62310d85fe9b7f3,Bacteria,Firmicutes,Clostridia,OPB54,,,,0.999985426001022
bd759efe26a5b4b869d3fa5e4693080d,Bacteria,Firmicutes,Clostridia,Clostridiales,Ruminococcaceae,,,0.9971406050298108
bf6066f701b31c6bba541503797da013,Bacteria,Firmicutes,Clostridia,Clostridiales,Veillonellaceae,Dialister,,0.9868797168106344
513de43781dc4c2831eb83b23940d66b,Bacteria,Firmicutes,Clostridia,Clostridiales,Veillonellaceae,Veillonella,dispar,0.985515717073994
9f718b8f66b79c3de80546ca9a54539c,Bacteria,Firmicutes,Clostridia,Clostridiales,Veillonellaceae,Veillonella,parvula,0.932598328604458
fba3d9b3872ff9021d66434323fb9565,Bacteria,Firmicutes,Clostridia,Clostridiales,Veillonellaceae,Veillonella,parvula,0.9615849555720604
dab4d3e6078cfc510502a47c98e82081,Bacteria,Firmicutes,Clostridia,Clostridiales,Veillonellaceae,Veillonella,dispar,0.9635986471715648
047b7fb62a5e9d2711e639ae1cb1519a,Bacteria,Firmicutes,Clostridia,Clostridiales,Veillonellaceae,Veillonella,dispar,0.9989514666217412
5c82bad13c4ebd2ed1bd23a8c2e37fc5,Bacteria,Firmicutes,Clostridia,Clostridiales,Veillonellaceae,Veillonella,,0.9999949655477816
bb173654871d294466912ef22f685faa,Bacteria,Firmicutes,Clostridia,Clostridiales,Veillonellaceae,Dialister,,0.999999950170705
ee7ce85e38500b28d9d79b63c7fbf9a6,Bacteria,Firmicutes,Clostridia,Clostridiales,Veillonellaceae,Dialister,,0.9999800802514645
c9a1082e87563e01347729352358bbcf,Bacteria,Firmicutes,Bacilli,Bacillales,Planococcaceae,,,0.9072480619852882
ff8c7f94f941a0c647120d4e142db316,Bacteria,Firmicutes,Clostridia,Clostridiales,Veillonellaceae,Dialister,,0.9997197443201206
d1d750ce3b00503c204516d27ca0d3b0,Bacteria,Firmicutes,Bacilli,Gemellales,Gemellaceae,,,0.9988185467503632
1395953fab837ed426f9b2ba24da41b1,Bacteria,Firmicutes,Clostridia,Clostridiales,Veillonellaceae,,,0.9817087334859488
95f07780b7e9b8b504c2563e63950663,Bacteria,Firmicutes,Clostridia,Clostridiales,Veillonellaceae,,,0.9999994130440164
eed50a4877de2fd21b146b4f0c7327ac,Bacteria,Chloroflexi,Ellin6529,,,,,0.9999383390387364
14e1a93cf2379225b1fd6ed0f186bacb,Bacteria,FBP,,,,,,0.9999997518365428
8cfda573467e6a959664801713cadba1,Bacteria,Firmicutes,Clostridia,Clostridiales,Ruminococcaceae,,,0.7127922656264598
0335b1664150f1e151340b1450eae898,Bacteria,Firmicutes,Clostridia,Clostridiales,Ruminococcaceae,,,0.8559711774240175
201b6484b6abe3d4c587464be6cbd574,Bacteria,Firmicutes,Clostridia,Clostridiales,Ruminococcaceae,Oscillospira,,0.99508606267024
84755bc954af6d3b39bb4c369e5992e7,Bacteria,Firmicutes,Clostridia,Clostridiales,Ruminococcaceae,Oscillospira,,0.9886297229558912
fea5c05e9b8245c5ca46f6673f59e0bf,Bacteria,Firmicutes,Clostridia,Clostridiales,Ruminococcaceae,Oscillospira,,0.9950259872023232
e80d9134b601511a2702b54268b57249,Bacteria,Firmicutes,Clostridia,Clostridiales,Ruminococcaceae,Oscillospira,,0.9298609547142463
880968796af86b3d6270c228fe8e7026,Bacteria,Firmicutes,Clostridia,Clostridiales,Ruminococcaceae,Oscillospira,,0.9559663467636412
43a9c44adeac51fd3ab95081da56d02d,Bacteria,Firmicutes,Clostridia,Clostridiales,Ruminococcaceae,Oscillospira,,0.990582401874871
64222ae4c3f0f1cc06375a3814da355d,Bacteria,Firmicutes,Clostridia,Clostridiales,Ruminococcaceae,Oscillospira,,0.9831610264778172
51757b1a0a985640893725af5d87d350,Bacteria,Firmicutes,Clostridia,Clostridiales,Ruminococcaceae,Oscillospira,,0.9699380177086324
2fa276cce32e900f0f68d30e460b8f61,Bacteria,Firmicutes,Clostridia,Clostridiales,Ruminococcaceae,Oscillospira,,0.9959082751568334
a0b0961c7ba318abff3e5a93f09f495e,Bacteria,Firmicutes,Clostridia,Clostridiales,Ruminococcaceae,,,0.923132565004266
e7709791d7ef6b47747de9fb43880d14,Bacteria,Firmicutes,Clostridia,Clostridiales,Ruminococcaceae,Oscillospira,,0.9823385296372454
a9541756b547061c02922f1a3a913fce,Bacteria,Firmicutes,Clostridia,Clostridiales,Clostridiaceae,Clostridium,,0.973351794369323
9584fe0b6843a9817e1c217bb65caea8,Bacteria,Firmicutes,Bacilli,Lactobacillales,Lactobacillaceae,Lactobacillus,helveticus,0.93970397700553
38aff035451e491e5905508b9a173fb6,Bacteria,Firmicutes,Bacilli,Lactobacillales,Lactobacillaceae,Lactobacillus,helveticus,0.9953135415908024
162ed46308ef9dd1600fb0fe7c90b186,Bacteria,Firmicutes,Bacilli,Lactobacillales,Lactobacillaceae,Lactobacillus,delbrueckii,0.9999948807900276
99e6b8fa779ca2689cdc55d164e593e8,Bacteria,Firmicutes,Bacilli,Lactobacillales,Lactobacillaceae,Lactobacillus,,0.9805726871069969
8cd2a871fab61bdea4ef23a295c371cf,Bacteria,Firmicutes,Bacilli,Lactobacillales,Carnobacteriaceae,Granulicatella,,0.7397271558106162
dd7e1e45831871f719cc3cd68f568e7c,Bacteria,Firmicutes,Bacilli,Lactobacillales,Lactobacillaceae,Lactobacillus,,0.7244343070493235
ebe0e9790089ad4f40151cb4a3231a8f,Bacteria,Firmicutes,Bacilli,Lactobacillales,Carnobacteriaceae,,,0.7138611906657029
7a20f7055ca2c7462cfa6a7aef16ec28,Bacteria,Firmicutes,Bacilli,Lactobacillales,Enterococcaceae,Enterococcus,,0.8335728128764098
7dd981802694dec3ecdb61ee53805956,Bacteria,Firmicutes,Bacilli,Lactobacillales,Lactobacillaceae,,,0.7863312987400568
ca1b627f011b52798bfb8fd2c6b76d20,Bacteria,Firmicutes,Bacilli,Lactobacillales,Aerococcaceae,Facklamia,,0.9728541481647308
aa9f89f9af07d53e077462471423f3ab,Bacteria,Firmicutes,Erysipelotrichi,Erysipelotrichales,Erysipelotrichaceae,Catenibacterium,,0.9985663135913848
9b959f65abdb6cb9adc1d6160a5384ec,Bacteria,Firmicutes,Erysipelotrichi,Erysipelotrichales,Erysipelotrichaceae,Allobaculum,,0.9999999997087344
b46e36edac9cab660cec7ee6f1a335a3,Bacteria,Firmicutes,Erysipelotrichi,Erysipelotrichales,Erysipelotrichaceae,[Eubacterium],biforme,0.999999975914449
2fe6a7331192dc6bf073d906fba93929,Bacteria,Firmicutes,Clostridia,Clostridiales,,,,0.8053194270393185
ebcbd71a778e6a1a776d2d50d0801fed,Bacteria,Firmicutes,Clostridia,Clostridiales,,,,0.8159871419515223
98d250a339a635f20e26397dafc6ced3,Bacteria,Firmicutes,Clostridia,Clostridiales,,,,0.8344016079212045
dbae1b46b67ad6769ea63d33ed3d44bf,Bacteria,Firmicutes,Bacilli,Turicibacterales,Turicibacteraceae,Turicibacter,,0.9999964654927788
f59a4d48a03cc224462bf83e4d4ab126,Bacteria,Firmicutes,Erysipelotrichi,Erysipelotrichales,Erysipelotrichaceae,,,0.9999398571019766
160029903cd9c779390f4719179aeea2,Bacteria,Firmicutes,Erysipelotrichi,Erysipelotrichales,Erysipelotrichaceae,Holdemania,,0.9999979657426592
f8fee8796e3188a996dfeca9e93f47e1,Bacteria,Firmicutes,Erysipelotrichi,Erysipelotrichales,Erysipelotrichaceae,Bulleidia,,0.9998068573697694
9b0549bb6e63f681bf133d2c7996055d,Bacteria,Firmicutes,Erysipelotrichi,Erysipelotrichales,Erysipelotrichaceae,Bulleidia,moorei,0.9999999997858992
28560cffcd31045fa07dd88557b43e05,Bacteria,Firmicutes,Clostridia,Clostridiales,Clostridiaceae,Clostridium,perfringens,0.9999087325600684
aa668eb01ca9dcc59aeb1454b600c8c8,Bacteria,Firmicutes,Clostridia,Clostridiales,Ruminococcaceae,,,0.7395644449573094
4b8228f4d7d3809aa6827e8d9e11a9ae,Bacteria,Firmicutes,Clostridia,Clostridiales,Ruminococcaceae,Oscillospira,,0.9978091630686856
15c03c51375c7d03bd3dda24674b9936,Bacteria,Bacteroidetes,Cytophagia,Cytophagales,Cytophagaceae,Leadbetterella,,0.9999745459829597
75a61e0ca465f169e5d2ea2d19f8aefb,Bacteria,Firmicutes,Clostridia,Clostridiales,Veillonellaceae,Selenomonas,,0.9999980164184228
8c43291754ba53fa1e206f0ac7a18772,Bacteria,Firmicutes,Clostridia,Clostridiales,Veillonellaceae,Selenomonas,noxia,0.9849844195391728
d9efe89c658c7996e7738e1bb777c9f0,Bacteria,Firmicutes,Clostridia,Clostridiales,Veillonellaceae,Selenomonas,,0.999964882862246
bb823ca6d961133b2cd91e9377cefba7,Bacteria,Firmicutes,Clostridia,Clostridiales,Veillonellaceae,Selenomonas,,0.9999247523445304
9df911e407318b496425698999a1d81f,Bacteria,Firmicutes,Clostridia,Clostridiales,Veillonellaceae,Schwartzia,,0.9999999906458896
145f11599b92ad3a4c93896b0edf8c0c,Bacteria,Firmicutes,Clostridia,Clostridiales,Ruminococcaceae,,,0.996868996393493
d86ef5d6394f5dbeb945f39aa25e7426,Bacteria,Firmicutes,Clostridia,Clostridiales,Veillonellaceae,Phascolarctobacterium,,0.9999998650023464
42f7a4caf54667a21b5de3b888213935,Bacteria,Firmicutes,Clostridia,Clostridiales,Veillonellaceae,Phascolarctobacterium,,0.9999999323971476
9616cf56be891f816aa7abc6a13c9e8f,Bacteria,Firmicutes,Clostridia,Clostridiales,Veillonellaceae,Selenomonas,,0.9990080509064508
d32d15407d86a2044eead0d72cd3f9e7,Bacteria,Firmicutes,Clostridia,Clostridiales,Veillonellaceae,,,0.9999993192622512
5beb76b0d6631d10fc820c2d128d4cb6,Bacteria,Firmicutes,Clostridia,Clostridiales,Clostridiaceae,,,0.8893629853706989
2e202c4e4e803dbc6d54c9e3117afedd,Bacteria,Firmicutes,Bacilli,Lactobacillales,Aerococcaceae,Abiotrophia,,0.9760681545375214
072698f9668d5a094cdc1a672acc4747,Bacteria,Firmicutes,Clostridia,Clostridiales,[Tissierellaceae],Anaerococcus,,0.999999990998944
e1e1ece9cc43057ec074912f7545a432,Bacteria,Firmicutes,Clostridia,Clostridiales,[Tissierellaceae],Anaerococcus,,0.9999999997439916
f8026fa73c97b3f69cf4369cf194fb8b,Bacteria,Firmicutes,Clostridia,Clostridiales,[Tissierellaceae],Anaerococcus,,0.9999999996550172
b8413d82d36f772b9a375231cb504579,Bacteria,Firmicutes,Clostridia,Clostridiales,[Tissierellaceae],Anaerococcus,,0.9999999984215862
9abbfb135a6fceeb2ae107b7be7cb133,Bacteria,Firmicutes,Clostridia,Clostridiales,[Tissierellaceae],Anaerococcus,,0.9999999985735712
8935afd2b1d59a37191411131d75e9f6,Bacteria,Firmicutes,Clostridia,Clostridiales,Lachnospiraceae,Butyrivibrio,,0.9999294677193056
b8afb7bb30b7a9170b7c6dcd40251d54,Bacteria,Firmicutes,Clostridia,Clostridiales,Lachnospiraceae,,,0.990535663239498
7dd9c9124ec3f118a6cef1f0d422c011,Bacteria,Firmicutes,Clostridia,Clostridiales,Lachnospiraceae,,,0.987815300028692
a3a69f621716f9345def32e2b5e7b011,Bacteria,Firmicutes,Clostridia,Clostridiales,Lachnospiraceae,Shuttleworthia,satelles,0.9995853569487236
e2c355360209f0b71b70b85ed0f9532d,Bacteria,Firmicutes,Clostridia,Clostridiales,Lachnospiraceae,Shuttleworthia,,0.9727096716392232
26133b4163fdcd22d86f4e04e74154f1,Bacteria,Firmicutes,Clostridia,Clostridiales,Lachnospiraceae,Lachnospira,,0.9999495837227482
95dff3e66b8bdf4d8e509ceae4373c69,Bacteria,Firmicutes,Clostridia,Clostridiales,Lachnospiraceae,Lachnospira,,0.999970676609568
d2613a43f4ed1dda8a673e7fb251ebef,Bacteria,Firmicutes,Clostridia,Clostridiales,Lachnospiraceae,Lachnospira,,0.9999327064689216
01e0b7ac306895be84179f2715af269b,Bacteria,Firmicutes,Clostridia,Clostridiales,Lachnospiraceae,Lachnospira,,0.9999933564648832
e063d1c3c9daf7390e5475e48d9b01c5,Bacteria,Firmicutes,Clostridia,Clostridiales,Lachnospiraceae,Lachnospira,,0.9999949683951396
57b34afdff2e84fb9b0befd219edcb38,Bacteria,Firmicutes,Clostridia,Clostridiales,Lachnospiraceae,Lachnospira,,0.9999903164526998
f16a387e898dbae6432b2ed0241120bd,Bacteria,Firmicutes,Clostridia,Clostridiales,Lachnospiraceae,Lachnospira,,0.9999593209806088
2b148d88c49e316f85b6e7863089a886,Bacteria,Firmicutes,Clostridia,Clostridiales,Lachnospiraceae,Coprococcus,,0.9967756225304468
1076b2b7de5233cc917c9425aa2ea200,Bacteria,Actinobacteria,Coriobacteriia,Coriobacteriales,Coriobacteriaceae,,,0.9999778416489776
fcd4f95c05b868060121ff709085bf21,Bacteria,Firmicutes,Clostridia,Clostridiales,[Tissierellaceae],Finegoldia,,0.9999999999709672
2f4c5e75c0e4cdfcbddbe93ef1f410a3,Bacteria,Firmicutes,Clostridia,Clostridiales,[Tissierellaceae],1-68,,0.9999394981347752
f79e815e1e628908e4ab605022b0ac09,Bacteria,Firmicutes,Clostridia,Clostridiales,[Mogibacteriaceae],,,0.9998704464926848
8021f872c32700d46738f3591cb4c58a,Bacteria,Firmicutes,Clostridia,Clostridiales,,,,0.9995557646048976
b2d056fa113334bd2797397b162c6ac9,Bacteria,Firmicutes,Clostridia,Clostridiales,Lachnospiraceae,Anaerostipes,,0.996690407289544
4e34087bb8399deb145896c92e1b58a5,Bacteria,Firmicutes,Clostridia,Clostridiales,Lachnospiraceae,Anaerostipes,,0.9958403455362652
fbf110ef5de76f86121c8504a0cb786e,Bacteria,Firmicutes,Clostridia,Clostridiales,,,,0.9995045444921908
58d6cee566e26e231916ccc2093ae053,Bacteria,Firmicutes,Clostridia,Clostridiales,Lachnospiraceae,,,0.9705097980195496
32a4d183139d99ace97a18b276d7c169,Bacteria,Firmicutes,Clostridia,Clostridiales,[Tissierellaceae],Helcococcus,,0.9999999839354816
14732e0b78dbc03c20c505d7681b6820,Bacteria,Firmicutes,Clostridia,Clostridiales,[Tissierellaceae],Helcococcus,,0.9999997029634372
a875cba4e2e4da128cec805cd014731f,Bacteria,Firmicutes,Clostridia,Clostridiales,[Tissierellaceae],Parvimonas,,0.9999997603736408
1edc5497d3daf6d914427d32b71daa52,Bacteria,Firmicutes,Clostridia,Clostridiales,[Tissierellaceae],Parvimonas,,0.9999997268491204
e8fb2b3d01d369dbb5d3764548193ae9,Bacteria,Firmicutes,Clostridia,Clostridiales,[Tissierellaceae],Parvimonas,,0.9999998377591188
0a69950e803a5d9e7166c450e44f43cf,Bacteria,Firmicutes,Clostridia,Clostridiales,Lachnospiraceae,Roseburia,inulinivorans,0.929536448428247
b8b19c4f0719a5d5b965a0f50f05827c,Bacteria,Firmicutes,Clostridia,Clostridiales,Lachnospiraceae,Roseburia,,0.9311122515289872
24dfe6a7325e4f2be7dbd522ef613e42,Bacteria,Firmicutes,Clostridia,Clostridiales,Lachnospiraceae,Roseburia,,0.9537577123744118
535696cecf56f03d3401d7d6dbe66d7b,Bacteria,Firmicutes,Clostridia,Clostridiales,Lachnospiraceae,Roseburia,faecis,0.9031774412046172
e2f0caba18b002ca9762ed56167c6188,Bacteria,Firmicutes,Clostridia,Clostridiales,Lachnospiraceae,,,0.980820828321369
aee707afe3847427a6d3d34e31437923,Bacteria,Firmicutes,Clostridia,Clostridiales,Lachnospiraceae,[Ruminococcus],,0.9989995869936024
0c4b17f88dae47697d3bceb3663f47ce,Bacteria,Firmicutes,Clostridia,Clostridiales,Lachnospiraceae,[Ruminococcus],torques,0.9662024280464416
816b94bcd935ca38afe71fd1e3c5356c,Bacteria,Firmicutes,Clostridia,Clostridiales,Lachnospiraceae,Dorea,,0.9996717381137812
a5df9a825c3d8eeb228a6781c3db134c,Bacteria,Firmicutes,Clostridia,Clostridiales,Lachnospiraceae,,,0.7918311969566013
ebd1dcd162acede67bb633c42c7b2ac2,Bacteria,Firmicutes,Clostridia,Clostridiales,Lachnospiraceae,Coprococcus,,0.8645448242266165
d8db52dac1023a8fa0e56e92670d7ac1,Bacteria,Firmicutes,Clostridia,Clostridiales,Lachnospiraceae,Clostridium,colinum,0.9912764286742288
317c0beca40f29f3aff863b8f028fd48,Bacteria,Firmicutes,Clostridia,Clostridiales,[Tissierellaceae],Gallicola,,0.9999999966833713
59758d94cc7ed9a16526bfc9eb207575,Bacteria,Firmicutes,Clostridia,Clostridiales,Lachnospiraceae,Clostridium,colinum,0.9857138201694564
ca96b8fd01aa6c508305bacac37da6c2,Bacteria,Fusobacteria,Fusobacteriia,Fusobacteriales,Fusobacteriaceae,Fusobacterium,,0.9857042823693596
9da7a39de7e82006cc9533681adf765a,Bacteria,Fusobacteria,Fusobacteriia,Fusobacteriales,Fusobacteriaceae,Fusobacterium,,0.9999997542343966
997056ba80681bbbdd5d09aa591eadc0,Bacteria,Fusobacteria,Fusobacteriia,Fusobacteriales,Fusobacteriaceae,Fusobacterium,,0.9999995195078828
a895b66cac813ac67ce1c908259b646f,Bacteria,Fusobacteria,Fusobacteriia,Fusobacteriales,Fusobacteriaceae,Fusobacterium,,0.999999886548074
9acad60e1ad588fb9250aab68dee645d,Bacteria,Fusobacteria,Fusobacteriia,Fusobacteriales,Fusobacteriaceae,Fusobacterium,,0.9999997456218108
e7c8b8c8fced8eead4b767bffe6dd544,Bacteria,Fusobacteria,Fusobacteriia,Fusobacteriales,Fusobacteriaceae,Fusobacterium,,0.9999998801912896
6be3ad080a12e28c46c9ca4f94710ac7,Bacteria,Fusobacteria,Fusobacteriia,Fusobacteriales,Leptotrichiaceae,Leptotrichia,,0.999999954005902
a5185df881810390f29afa3ba3ccf522,Bacteria,Fusobacteria,Fusobacteriia,Fusobacteriales,Leptotrichiaceae,Leptotrichia,,0.999999976216728
ef4cafaa5121e47ff7f31d5553a66214,Bacteria,Fusobacteria,Fusobacteriia,Fusobacteriales,Fusobacteriaceae,,,0.9999886443365934
5b220f66423e4004eb3520bfae1f25d0,Bacteria,Fusobacteria,Fusobacteriia,Fusobacteriales,Fusobacteriaceae,,,0.9997673231396242
76174505aef45f134d8068d5ad2c42aa,Bacteria,Fusobacteria,Fusobacteriia,Fusobacteriales,Fusobacteriaceae,Fusobacterium,,0.8401412082291325
9b07cccc73bd232ffb6edb9427194c06,Bacteria,Fusobacteria,Fusobacteriia,Fusobacteriales,Fusobacteriaceae,,,0.9999956637692292
37d242005eb3c4239ad2c00158ea99a1,Bacteria,Fusobacteria,Fusobacteriia,Fusobacteriales,Leptotrichiaceae,Leptotrichia,,0.9999993921137218
ea646f13713c1f3393a8b66afa03ff4a,Bacteria,Fusobacteria,Fusobacteriia,Fusobacteriales,Leptotrichiaceae,Leptotrichia,,0.9999961009006584
ba0941f03086680ee946a10dfe90cf12,Bacteria,Fusobacteria,Fusobacteriia,Fusobacteriales,Leptotrichiaceae,Leptotrichia,,0.9999999983476328
cdf8a49dcdb0256a8ead65f65c752e40,Bacteria,Fusobacteria,Fusobacteriia,Fusobacteriales,Leptotrichiaceae,Leptotrichia,,0.9999999983112672
65fbdc4707be0814fa4faf52571cc2b5,Bacteria,Fusobacteria,Fusobacteriia,Fusobacteriales,Leptotrichiaceae,Leptotrichia,,0.9999999957494056
1e9fc37a1112b198ed3d0543db7863c8,Bacteria,Fusobacteria,Fusobacteriia,Fusobacteriales,Leptotrichiaceae,Leptotrichia,,0.99999999772821
955280212814a2050dd2f640e10fc25d,Bacteria,Fusobacteria,Fusobacteriia,Fusobacteriales,Leptotrichiaceae,Leptotrichia,,0.999999995064968
24523c45ca39b6c81a01ce286c0c092b,Bacteria,Fusobacteria,Fusobacteriia,Fusobacteriales,Leptotrichiaceae,Leptotrichia,,0.9999999993550546
5ada68b9a081358e1a7d5f1d351e656a,Bacteria,Fusobacteria,Fusobacteriia,Fusobacteriales,Leptotrichiaceae,Leptotrichia,,0.9999999908668116
1685b25b43eb070cd7655de8c2d8c0a4,Bacteria,Fusobacteria,Fusobacteriia,Fusobacteriales,Leptotrichiaceae,Streptobacillus,,0.8509717829463767
dd222108ed685d6a936d2011ea220998,Bacteria,Fusobacteria,Fusobacteriia,Fusobacteriales,Leptotrichiaceae,,,0.9999999993399308
654f282fc504b4dc9af5b8e66a4d1a87,Bacteria,GN02,BD1-5,,,,,0.9999999442938774
5cf1581a0381cd73e278302acd8751b1,Bacteria,GN02,BD1-5,,,,,0.9999999876934994
3d6f762d8cda1915ad93d014e391c118,Bacteria,Firmicutes,Bacilli,Lactobacillales,Leuconostocaceae,Weissella,,0.8051193484003294
a95851baf426c85eae4419617db902a7,,,,,,,,0.7006349697049354
35bfc371d940cffdc527b7b4dc954456,Bacteria,,,,,,,0.923882640951534
08bd73939f7bfd85daf2eaee7e9c9bf8,Bacteria,,,,,,,0.8567010795683804
